{"val_loss": [0.02117034453836969, 0.015625503620135747, 0.01392467374971551, 0.013330906110404684, 0.013067950428963708, 0.012935258665979396, 0.01288795975087772, 0.012649353791821633, 0.012763170620215385, 0.012677108467638129, 0.012876066290569876, 0.012788647745667322, 0.012972180462341124, 0.012815342730424315, 0.01258097805530609, 0.012754017055817761, 0.012650138259482557, 0.012723739898939702, 0.013018563903757881, 0.013167543813829109], "val_mean_absolute_error": [0.11712817705580354, 0.10013990691716002, 0.09392693711663518, 0.0920163676999071, 0.09085512200149469, 0.09047897865737085, 0.0903284076672995, 0.08955944376417883, 0.08973588202809928, 0.08947241039754927, 0.089869482941019, 0.09002789582915671, 0.09066930056872331, 0.09017190538107382, 0.08927755690284796, 0.08977644542108866, 0.08961024426798953, 0.08963276268223767, 0.09087255424399927, 0.09094152589762282], "loss": [0.04957001417745343, 0.02150215483555662, 0.017572405499186056, 0.015985367366378875, 0.015150161716338309, 0.014725002519268315, 0.014212364036217898, 0.014002871181260753, 0.013766685488749259, 0.013515664110084258, 0.013439709112117048, 0.013326284212351236, 0.01321119193513573, 0.012999171633144724, 0.012913924469880173, 0.012893934444728535, 0.012772807532017256, 0.012657716914132302, 0.012691503345428236, 0.012524331880821237], "mean_absolute_error": [0.17201016181025727, 0.11727157348522073, 0.10567479654509947, 0.10064334199259854, 0.0978321261929849, 0.09639172421871436, 0.09458595620784187, 0.09383352825063378, 0.09305165312817096, 0.09222898642927928, 0.09200614556298663, 0.09153008812116849, 0.0911505957950924, 0.09053484860724369, 0.0901071500313529, 0.09000948551760113, 0.08953344277635497, 0.08915115967541183, 0.0892933088805111, 0.08874987825501876]}