{"val_loss": [0.013487159001433737, 0.012954134326508847, 0.012916153655272449, 0.012652872082961885, 0.012945467129787516, 0.013169680784959977, 0.012571033532848427, 0.012713710286345036, 0.012582731750339922, 0.012743419960614746, 0.013146681575461948, 0.012704154833986436], "val_mean_absolute_error": [0.09163672614366908, 0.09007231348081786, 0.08994230219945408, 0.08887737058866195, 0.08980650221814487, 0.09093953608109523, 0.08862599784214659, 0.08923264481428146, 0.08886255551163157, 0.08917621848968492, 0.08998258950509917, 0.08875698424866142], "loss": [0.012299853446908725, 0.012208585260802908, 0.01222695931420248, 0.012242522408341042, 0.012156862383278432, 0.012163019315366537, 0.01215310072821628, 0.012186687277439606, 0.012153853526125948, 0.012131716473572727, 0.012109480462262482, 0.01212473081030882], "mean_absolute_error": [0.08791204796513552, 0.0876099100437952, 0.08760448247488628, 0.08769215808159188, 0.08732320119279542, 0.08738820202421345, 0.08743297453258127, 0.0874651369670287, 0.08737448556529237, 0.08719285539653168, 0.08719577933172779, 0.08726494504947305]}