{"val_loss": [0.012550102868952999, 0.012628137194410352, 0.012878257541650284, 0.01315117665428817, 0.013136281226565955, 0.013342565386688543], "val_mean_absolute_error": [0.08909735364317685, 0.0891883334241538, 0.0894785712195213, 0.09043514082561706, 0.09096956212497855, 0.0912275740966841], "loss": [0.012377791395752246, 0.01234617527816585, 0.012309675011518115, 0.012326022518441823, 0.012322347740602459, 0.012249185163379195], "mean_absolute_error": [0.08811184992772954, 0.08802950091731428, 0.08787885733802907, 0.08786641139327515, 0.08795160737546276, 0.08766818070291331]}