{"val_loss": [0.012896651100904974, 0.012802209379156914, 0.013128754732659169, 0.012836170794986721, 0.012987738124499461, 0.01330301898766981, 0.01273903702477842], "val_mean_absolute_error": [0.09055806860898091, 0.08979935605084605, 0.09165917404617817, 0.0899696191562418, 0.09093867118930309, 0.09158109848415992, 0.08999358001238678], "loss": [0.01248649702498651, 0.012466141264848872, 0.01242260374728397, 0.012442467800484696, 0.012386243859271503, 0.012369783167691249, 0.01232964530836839], "mean_absolute_error": [0.08849362025286914, 0.08831554812819531, 0.0881834223532879, 0.08835132685818017, 0.0880625771023254, 0.08799748450498032, 0.08797200104798523]}