{"val_loss": [0.012793228724744879, 0.01240306229849624, 0.013418735336042686, 0.012437571240971668, 0.012734433477015144, 0.012656002810409564, 0.013175773476857142], "val_mean_absolute_error": [0.09016419151418734, 0.08805590939161775, 0.0917980162287071, 0.08811435453837055, 0.08922648180791147, 0.08909583431342077, 0.09085409662266686], "loss": [0.012112380643616071, 0.012091747637598566, 0.012081212155770014, 0.012049956876304628, 0.012078167624745431, 0.01208968225033142, 0.012011511588606914], "mean_absolute_error": [0.08703000119539332, 0.0870911752414979, 0.08704053144527255, 0.08681792708448872, 0.08705924939811426, 0.08702974335799248, 0.08671067609322325]}