{"val_loss": [0.012106550500179732, 0.011790848934738855, 0.01208314871120935, 0.011713468804903156, 0.011965504812799899, 0.012250046738178448, 0.01177601322689119], "val_mean_absolute_error": [0.08708951153130605, 0.08531348484190122, 0.08700092303261717, 0.08554064680859368, 0.08635328004964549, 0.08745968470030055, 0.085743832530461], "loss": [0.011458025312333114, 0.01138658557063745, 0.011453947771172455, 0.01144623444840444, 0.01142478117266747, 0.01138819466418665, 0.011395945592900377], "mean_absolute_error": [0.08499523520129541, 0.08460609686504174, 0.08483300386051888, 0.0848530022947029, 0.084764073745405, 0.08464479500296888, 0.08459788731463748]}