{"val_loss": [0.012478991463953957, 0.012219397702503892, 0.012652327816217813, 0.011924152728224665, 0.012050858847155904, 0.012016102438656317, 0.011938043383603023, 0.011846079185943435, 0.01198011993444836, 0.012281549032016618, 0.01179971638238414, 0.012286651513582752, 0.012045560778691766], "val_mean_absolute_error": [0.08834143607141011, 0.0876630056384756, 0.08859804970004387, 0.0858931893886817, 0.08636602482286533, 0.08650530490208382, 0.08603374772519484, 0.08581282777172557, 0.08682213753137406, 0.08719532335741548, 0.08606875636469323, 0.08730711983818787, 0.08637495400837793], "loss": [0.011709762632392243, 0.011625601177778548, 0.011607180520108876, 0.011586352553221602, 0.011583013955373703, 0.011570022323234426, 0.011562475764562404, 0.011550704185449678, 0.011573410143153082, 0.011548953958109705, 0.011486088371573265, 0.011538665513501549, 0.011540984166901221], "mean_absolute_error": [0.08570461372167419, 0.08546356890050519, 0.08535631719367001, 0.0853108560542302, 0.08530721243786231, 0.08532747057544451, 0.08515792949048452, 0.0851324117601646, 0.08528909640701071, 0.08507217081661972, 0.08489993736851023, 0.0851868876965936, 0.0851316212988587]}