{"val_loss": [0.0121252629712981, 0.01177689819253853, 0.011677937263917876, 0.011997917549730213, 0.012318479878247747, 0.01183661757967821, 0.012144374755991401, 0.012485228415243271, 0.011812941856284611, 0.01172650262628836, 0.011899573745012604], "val_mean_absolute_error": [0.08687753877277105, 0.08611055525037425, 0.0858215506948521, 0.08685352274587474, 0.08783437495406472, 0.08567922378952464, 0.08717317667796408, 0.08819541929722055, 0.08610189861848987, 0.08576157842065611, 0.08672034393951958], "loss": [0.011502228634648216, 0.011506255467546515, 0.011503406144595196, 0.011512607517539452, 0.011451097897058591, 0.01146902081182086, 0.011481924643331936, 0.011473013811566716, 0.011439881180299625, 0.011435872618398148, 0.011430804935261543], "mean_absolute_error": [0.08493807843073956, 0.08494110490552544, 0.08486127605146249, 0.08491048447701095, 0.08475536576821954, 0.08476424898410717, 0.08477524178569602, 0.08479278179155253, 0.08459317939779354, 0.08458351258413874, 0.08463614798721987]}