{"val_loss": [0.011907534676208354, 0.012010395352133546, 0.012212949675232796, 0.01276702906626366, 0.012744964632090872, 0.012239050976871], "val_mean_absolute_error": [0.08700385626942271, 0.08730591901617364, 0.08788635864736993, 0.08975010591128608, 0.08943227378874546, 0.0877639763174969], "loss": [0.011779963668010384, 0.011766793421841708, 0.011718440807786754, 0.011644317068002055, 0.01166034259837688, 0.011673182480697293], "mean_absolute_error": [0.08590635650333572, 0.08594455678702465, 0.08567850835176033, 0.08546246763514186, 0.08542528027186616, 0.08554452448708319]}