{"val_loss": [0.017320576662454644, 0.01379034474388296, 0.012792745086989018, 0.012876509396267647, 0.012649242496730037, 0.012582164230566949, 0.01215439097324767, 0.012531088771575521, 0.012569821113581549, 0.012328959159969904, 0.012248402673378522, 0.012341821298987334, 0.013041008153236243, 0.013435056906673355, 0.012548282019930903, 0.012006417248127068, 0.01283604875295245, 0.012685199807922739, 0.012465656844230504, 0.012622639815431356, 0.01259825127531226], "val_mean_absolute_error": [0.1070986038885255, 0.09452941420728916, 0.09035316052056673, 0.09100709510650463, 0.09021087061035393, 0.08980205200397579, 0.08813935459399647, 0.08913862598488621, 0.089086648424949, 0.08845048711988418, 0.08796326301121171, 0.08819064058683053, 0.09083912788761181, 0.09186699853291833, 0.0887359881773264, 0.08726434122487382, 0.09024812856745454, 0.08912044838301969, 0.08856560704008624, 0.08900877029879248, 0.08902181230270473], "loss": [0.03141869778358851, 0.01741051709450137, 0.015036502411521655, 0.014155302369858305, 0.01359361348252682, 0.01318251620160498, 0.012916796172242017, 0.012786939739853922, 0.012515797227883589, 0.01242284872495558, 0.0122835256931574, 0.012258275343670117, 0.012185884043631022, 0.012114129732911821, 0.01205971796718792, 0.011944391515272103, 0.01192579849818391, 0.011879950858928184, 0.011868421221288217, 0.011752500049211717, 0.011820560721082025], "mean_absolute_error": [0.14023682325694678, 0.10523127703850602, 0.09757383549473653, 0.09458991079775997, 0.0926794516735706, 0.09119425085822913, 0.09027625195726527, 0.08971827184705339, 0.08871919841244058, 0.08833938521428646, 0.08797537580779603, 0.08787358492389574, 0.08758470873412408, 0.08729728217982693, 0.08704379591124964, 0.08663580979422357, 0.08664374598034313, 0.08641487242176259, 0.0863283884020512, 0.08596039435738048, 0.0861209863623495]}