{"val_loss": 0.4207288183609854, "val_acc": 0.8300263387646841, "val_f1_m": 0.8300262798194058, "val_precision_m": 0.8300263387646842, "val_recall_m": 0.8300263387646842, "loss": 0.4129606481302829, "acc": 0.834737950907562, "f1_m": 0.8346824561262718, "precision_m": 0.8348179175040024, "recall_m": 0.8345477422633107, "cpu (ms)": 876.4395663738251, "report": {"Low": {"precision": 0.9302325581395349, "recall": 0.4662004662004662, "f1-score": 0.6211180124223602, "support": 1716}, "Medium": {"precision": 0.8254667749043256, "recall": 0.9912268486283248, "f1-score": 0.9007846114907618, "support": 7181}, "High": {"precision": 0.7, "recall": 0.01174496644295302, "f1-score": 0.023102310231023104, "support": 596}, "micro avg": {"precision": 0.8348256610133783, "recall": 0.8348256610133783, "f1-score": 0.8348256610133783, "support": 9493}, "macro avg": {"precision": 0.8185664443479533, "recall": 0.489724093757248, "f1-score": 0.515001644714715, "support": 9493}, "weighted avg": {"precision": 0.836527544543917, "recall": 0.8348256610133783, "f1-score": 0.795127123283432, "support": 9493}}}