{"val_loss": [0.6065861024660117, 0.4811741551209925, 0.4576269964153847, 0.4491549731417095, 0.4453917679268769, 0.4509443763490027, 0.43979567456781193, 0.44199621744370193, 0.44267686554108665, 0.43065482880292316, 0.428756486052431, 0.4356923277458448, 0.42934860484430404, 0.4296660998117611, 0.42595298772447565, 0.4356854963168669, 0.4250654435336367, 0.430143424410945, 0.4370961838893676, 0.4209213068199515, 0.42307951008335926, 0.4237590625268243, 0.42186257098051494, 0.4324497088287654, 0.43052261353432014, 0.42950712964775856, 0.42561069052764094, 0.42312315709135506, 0.4231374239207207, 0.43016907595070114, 0.4187781898939654, 0.4232418803909745, 0.42362262224883174, 0.4239943920449818, 0.42884301614672055, 0.4235661163758696, 0.42158835400802813, 0.4192303222663394, 0.42185042513890214, 0.42915529314051853, 0.43314132127868993, 0.42324660679374293, 0.42388756009523343, 0.4303330180796791, 0.42074090979072487, 0.42612415886996835, 0.4319531639640251, 0.42009901966941493, 0.4139617618996552, 0.43154753292544507, 0.43614937794788944, 0.4184252412131663, 0.4233426977409406, 0.4205714642778318, 0.4221524423204558, 0.438019122858619, 0.41902022404170663, 0.43416424770926715, 0.42434876911649094, 0.4244204300842928, 0.41922225365031524, 0.4296687315689044, 0.4202889316760645, 0.4273811785246103, 0.4198587132750379, 0.42990518018101037, 0.42821373441692595, 0.42976511819532304, 0.42342668715934184, 0.41971305816361076, 0.4241428482398558], "val_acc": [0.7856390451670586, 0.8152504683880324, 0.820458801274889, 0.8241455990276979, 0.8251989700374532, 0.816830524121331, 0.8302317417962721, 0.8273642324329762, 0.8253160112359551, 0.8290028092120024, 0.8268375470397178, 0.8279494384254855, 0.8292368911625294, 0.8274227525857504, 0.8294709737827716, 0.8258426964059751, 0.8291783710097552, 0.8270131088374706, 0.82572565565395, 0.8302902619490463, 0.8312851121363122, 0.8297635767790262, 0.8278909173797578, 0.8250234084629388, 0.8297635770022646, 0.8274227528089888, 0.8295880149812734, 0.8302902621722846, 0.8288857680135006, 0.8259597378277154, 0.8295880152045118, 0.8286516853932584, 0.8300561797752809, 0.8301732211970212, 0.8257841760299626, 0.8299976589527915, 0.829002808988764, 0.8311095507850361, 0.8287687265917603, 0.8252574908599425, 0.8248478464419475, 0.8287102062157478, 0.8280664796239874, 0.8256086144554481, 0.8297050564030136, 0.8280664796239874, 0.8247893258426966, 0.8305243445692884, 0.830875468164794, 0.8229751870426792, 0.8223314608973957, 0.8309339887640449, 0.8280664791775106, 0.8283590821737654, 0.8285346441947565, 0.8194054307116105, 0.8285346439715182, 0.8243211610486891, 0.8263108616464594, 0.8267790264404669, 0.8291198499640275, 0.8251404496614406, 0.8288272474142496, 0.8258426968524518, 0.8283590821737654, 0.8281250002232383, 0.8246137642681822, 0.8260767790262172, 0.8279494384254855, 0.8292954119850188, 0.8264279023984845], "val_f1_m": [0.7837079611610384, 0.8150912228595005, 0.8204303198539362, 0.8241455394230531, 0.8251899773261967, 0.8168304651864012, 0.8301552971650599, 0.8273641728283314, 0.8252819399262189, 0.8290027496073576, 0.8268275238601456, 0.8279493788208407, 0.8291697234250186, 0.8274475447694014, 0.8294248770685232, 0.8258426368013303, 0.8291440684250678, 0.8270130492328258, 0.8257255960493052, 0.8302811567256513, 0.8313108204902334, 0.8297635171743815, 0.8278908577751131, 0.825023348858294, 0.8297635173976198, 0.827422693204344, 0.8295535989914941, 0.8302902025676399, 0.8288857084088558, 0.8259596782230706, 0.829587955599867, 0.8285817673590299, 0.8300561201706361, 0.8301731615923764, 0.8257755271057957, 0.8299894690067134, 0.8290027493841192, 0.8311331973093726, 0.8287686669871155, 0.8252574312552977, 0.8248477868373028, 0.828710146611103, 0.8280664200193426, 0.8256329476610105, 0.8297049967983688, 0.8280664200193426, 0.8247558260231875, 0.8305486777748508, 0.8308754085601492, 0.8229401995626728, 0.822331401292751, 0.8308998013703565, 0.8280310327194157, 0.8282899660117617, 0.8285345845901118, 0.8194301077042626, 0.8285345843668734, 0.824346181828431, 0.8263340500856606, 0.8267789668358221, 0.8291197903593828, 0.8251403900567958, 0.8288271878096048, 0.825842637247807, 0.8283590225691206, 0.8281249406185935, 0.8246137046635375, 0.8260767194215725, 0.8279493788208407, 0.8292851593164022, 0.8265112133954795], "val_precision_m": [0.787624303990982, 0.8154014766439517, 0.820578282915251, 0.8241455990276979, 0.8252398199802927, 0.816830524121331, 0.8302549210827003, 0.8273642324329762, 0.8253066021851386, 0.8290028092120024, 0.8268763315811586, 0.8279494384254855, 0.8292199089732509, 0.8274725526013178, 0.8294962184705984, 0.8258426964059751, 0.8291685029808502, 0.8270131088374706, 0.82572565565395, 0.8303308824028415, 0.831336748064234, 0.8297635767790262, 0.8278909173797578, 0.8250234084629388, 0.8297635770022646, 0.8274227528089888, 0.829577917463324, 0.8302902621722846, 0.8288857680135006, 0.8259597378277154, 0.8295880152045118, 0.8286291954669167, 0.8300561797752809, 0.8301732211970212, 0.825825714439935, 0.8300401153189413, 0.829002808988764, 0.8311570559101604, 0.8287687265917603, 0.8252574908599425, 0.8248478464419475, 0.8287102062157478, 0.8280664796239874, 0.8256574965148383, 0.8297050564030136, 0.8280664796239874, 0.8247810642371017, 0.8305732266286786, 0.830875468164794, 0.8229639420795084, 0.8223314608973957, 0.8309243502241842, 0.8280543162581626, 0.8283381986707338, 0.8285346441947565, 0.8194550012381335, 0.8285346439715182, 0.8243714200423451, 0.8263574488154065, 0.8267790264404669, 0.8291198499640275, 0.8251404496614406, 0.8288272474142496, 0.8258426968524518, 0.8283590821737654, 0.8281250002232383, 0.8246137642681822, 0.8260767790262172, 0.8279494384254855, 0.8293337375483709, 0.8266537240828468], "val_recall_m": [0.7798455058412159, 0.8147823035940249, 0.8202832394771362, 0.8241455990276979, 0.8251404494382022, 0.816830524121331, 0.8300561799985192, 0.8273642324329762, 0.8252574906367042, 0.8290028092120024, 0.8267790264404669, 0.8279494384254855, 0.8291198499640275, 0.8274227525857504, 0.8293539325842697, 0.8258426964059751, 0.8291198504105043, 0.8270131088374706, 0.82572565565395, 0.8302317413497954, 0.8312851121363122, 0.8297635767790262, 0.8278909173797578, 0.8250234084629388, 0.8297635770022646, 0.8274227528089888, 0.8295294943820225, 0.8302902621722846, 0.8288857680135006, 0.8259597378277154, 0.8295880152045118, 0.8285346441947565, 0.8300561797752809, 0.8301732211970212, 0.8257256554307116, 0.8299391383535406, 0.829002808988764, 0.8311095507850361, 0.8287687265917603, 0.8252574908599425, 0.8248478464419475, 0.8287102062157478, 0.8280664796239874, 0.8256086144554481, 0.8297050564030136, 0.8280664796239874, 0.8247308052434457, 0.8305243445692884, 0.830875468164794, 0.8229166664434283, 0.8223314608973957, 0.830875468164794, 0.8280079585782597, 0.8282420409752635, 0.8285346441947565, 0.8194054307116105, 0.8285346439715182, 0.8243211610486891, 0.8263108616464594, 0.8267790264404669, 0.8291198499640275, 0.8251404496614406, 0.8288272474142496, 0.8258426968524518, 0.8283590821737654, 0.8281250002232383, 0.8246137642681822, 0.8260767790262172, 0.8279494384254855, 0.8292368913857678, 0.8263693817992336],