{"val_loss": [0.011927530022097543, 0.011939775953305894, 0.012202109269170742, 0.012055877878818058, 0.01244518336717113, 0.011874557630947472], "val_mean_absolute_error": [0.08641938192426049, 0.08711462258511177, 0.08836164478010698, 0.08703889059916489, 0.08923625512510612, 0.08680563261591828], "loss": [0.012286518316826877, 0.012321620097423238, 0.012228486241866931, 0.012218901244910527, 0.012189108307711626, 0.012240366251905239], "mean_absolute_error": [0.08788042493702525, 0.0880068722400209, 0.08773176758157997, 0.08765828116449496, 0.08754485326461624, 0.08785133907988824]}