{"val_loss": [0.012551870431223812, 0.012431210535630212, 0.01240317116893874, 0.01221776931894062, 0.012237574310584537, 0.012200571707600623, 0.012948364801255738, 0.012258723246599303, 0.012269105636220926], "val_mean_absolute_error": [0.09020385901402997, 0.08961147318661639, 0.08954568856911317, 0.08841845367278676, 0.08885399610184401, 0.0884352195931656, 0.09162879869538951, 0.08903273603706997, 0.08904058228248067], "loss": [0.01247353808471561, 0.012458952987354421, 0.01244266063973228, 0.012441855061975619, 0.012392826462327361, 0.012346918281469988, 0.012271478010725936, 0.012260741923391117, 0.012311358087168711], "mean_absolute_error": [0.0885541622087003, 0.08849641937424282, 0.08842508847722279, 0.08843417725914773, 0.0882302594975011, 0.08806005521221005, 0.08777319260039146, 0.08784408653625775, 0.08795438338362993]}