{"val_loss": [0.01275447534215624, 0.012383420826950292, 0.012649104069344098, 0.012283746366460284, 0.012499986839560606, 0.012515620883485758, 0.012296944315815947, 0.012738692539754, 0.012267034858191347], "val_mean_absolute_error": [0.08933016899495665, 0.08864592262816823, 0.08984426765357194, 0.08808862363864453, 0.08917182344948954, 0.08913417035622437, 0.08878508826427098, 0.09062114104246571, 0.08812431938162205], "loss": [0.012129321752015382, 0.012096528683221043, 0.012058133001624121, 0.012034219738301218, 0.012024374245862534, 0.01201818546112519, 0.01203733263843209, 0.012011828558062031, 0.01199423823631279], "mean_absolute_error": [0.08738810593706957, 0.08722595190627319, 0.08707496076418927, 0.08696960300224581, 0.08691150954812035, 0.08686743321308614, 0.08686941279337815, 0.08673747103314906, 0.0867980728648525]}