{"val_loss": [0.021605236179132063, 0.015204884756672388, 0.01390967198175602, 0.01388431119809901, 0.013112364571055147, 0.01312885359663268, 0.012788510096932059, 0.013247452314711756, 0.012833712652391908, 0.013203636580431636, 0.012683207719945595, 0.012955875929983316, 0.012663507764147293, 0.012889316881633302, 0.012805477452716268, 0.012324956442100982, 0.012524720578086365, 0.012788300075215994, 0.012434482578332727, 0.013123423008425568, 0.012716967760212817], "val_mean_absolute_error": [0.11945992140179529, 0.09875892284153748, 0.09438713715016726, 0.09458040309824756, 0.09136980095025898, 0.09099827768992826, 0.09041822440418637, 0.09257008047195485, 0.09071151669688059, 0.09238138667227072, 0.08971070428636414, 0.09103396872631138, 0.08959062361245257, 0.09099105478960362, 0.0907624568004239, 0.08825682313760573, 0.08934495963128752, 0.09073425472862315, 0.08927218688696287, 0.09187032977963802, 0.09015226496473262], "loss": [0.04402867434859227, 0.020888851144018894, 0.017341515182773767, 0.01587817889767865, 0.014990028781775156, 0.01446210751407015, 0.014169187166723827, 0.013785954416875265, 0.01364386246592961, 0.013539611041959256, 0.013297641386023858, 0.013148320878381773, 0.013079166219940506, 0.012986924897508273, 0.012913623852078598, 0.012802656352834826, 0.01275069903668239, 0.012708594290517601, 0.01266335348330371, 0.012603168517183702, 0.01252456231627722], "mean_absolute_error": [0.16302002731365747, 0.11577432544909162, 0.10519662866854883, 0.1004775006153552, 0.09752701523780376, 0.09579900465709437, 0.09459695392500303, 0.09340734012363025, 0.0929916305409708, 0.09257881518749447, 0.09177814629598258, 0.09122402908287687, 0.09094012644127522, 0.09053558479228371, 0.09020578180890333, 0.08998822952309662, 0.08974281253157324, 0.08960301273358617, 0.08935867725362072, 0.089214836670792, 0.08896109142498684]}