{"val_loss": [0.012767925562955596, 0.012020249939677895, 0.01233824608477063, 0.012060269953236709, 0.012528396276101935, 0.012541076375766114, 0.012042465794822358, 0.012155361406951637, 0.012218287872765608], "val_mean_absolute_error": [0.09077915098475835, 0.08761920963264552, 0.088751155273021, 0.08729900821064893, 0.08926697684896505, 0.08887075749239541, 0.08766651765972003, 0.087959381056958, 0.08858806635723535], "loss": [0.01209681362608102, 0.012056938834568518, 0.01205622879250703, 0.012027292962054745, 0.012024305776940048, 0.011979523570485219, 0.011997281513795855, 0.011954646456417884, 0.011964097764277343], "mean_absolute_error": [0.08707456050072881, 0.08692763598419263, 0.08692610159606816, 0.08695781386304559, 0.08691577158295442, 0.08672236888255518, 0.08679482311095392, 0.08657574923414015, 0.08671511374983566]}