{"val_loss": [0.02136832642130623, 0.014227749220056714, 0.013059254074293158, 0.012551484396504048, 0.012326384439871265, 0.012183625543091187, 0.01240813040918043, 0.011842662441300217, 0.011862209067239162, 0.01174418367285225, 0.011781066830037311, 0.011621400083518715, 0.011583467302355021, 0.011547395171303383, 0.011581688521149415, 0.011641025222343457, 0.011518548649026152, 0.0114615850688329, 0.011457347271236533, 0.011521967240089961, 0.011621348304174656, 0.011479295283028814, 0.011389200912434557, 0.011456343845970147, 0.011411484685990975, 0.011446634603082931, 0.011367328675972762, 0.011385053625308419, 0.011347051202941735, 0.01139306043467484, 0.01136799976738742, 0.011380289508366767, 0.011437678624271768, 0.011325001486658251, 0.011319009805296681, 0.011329900517232566, 0.01146709562836377, 0.011361169403803375, 0.01142716431877877, 0.011435521106545433, 0.011396643570385289, 0.011363164908682971, 0.011390268336300226], "val_mean_absolute_error": [0.1182941640744391, 0.09557980200102563, 0.09101226475771534, 0.08863821457529693, 0.08794002070375034, 0.08808626496066971, 0.08763216074477408, 0.0863408722502754, 0.0860642845857246, 0.08568918096713621, 0.0853964954404469, 0.08534406332576325, 0.08558805191958845, 0.08498580236793046, 0.08560097075934686, 0.08547158864405098, 0.08517874761314453, 0.08483528007065398, 0.08462947875814203, 0.08496911544641644, 0.08621036403991734, 0.08514329552687079, 0.08458635265190424, 0.08512306905894391, 0.08487912915747754, 0.08450697287162791, 0.08436033363888065, 0.0842528332831701, 0.08413238813559391, 0.08484357113578178, 0.08443915393361996, 0.0842186339993568, 0.08404994475567341, 0.08457537726384953, 0.08419397474381757, 0.08446020764927341, 0.08501563737136314, 0.083868611680936, 0.08495428786531999, 0.08416692879788529, 0.08478067203542547, 0.08482472723390372, 0.08499444298332373], "loss": [0.02902997131589689, 0.020289916207857563, 0.016729991028573088, 0.015397394662386087, 0.014701741869764907, 0.014380732307893659, 0.0140580441451709, 0.013839590522912728, 0.013623272985949054, 0.013434358927853302, 0.01335137311969204, 0.013199254225149802, 0.013163028236831343, 0.013056308958807205, 0.012960347041608047, 0.012927353357582026, 0.01286589753907032, 0.012789431279022597, 0.012698439848391783, 0.012700534595522594, 0.01267756173875779, 0.012597447668824592, 0.012539675953761693, 0.012514740344754855, 0.012484642773924214, 0.012481585972209061, 0.012445207859112475, 0.012452817641143692, 0.01238399060100952, 0.01239381309068431, 0.012328050364330838, 0.012360149933116597, 0.012339943623859019, 0.012280396519730943, 0.01227029903730687, 0.012253856416789497, 0.01224934639014329, 0.012262143262156269, 0.01219638166324492, 0.012200362742711158, 0.01217826555275804, 0.01217879889033413, 0.012149473360626164], "mean_absolute_error": [0.13678685469411372, 0.11406791059296596, 0.10302900973139247, 0.098964601884217, 0.09637651652582604, 0.09544347996882249, 0.09437527872877546, 0.09353628027697965, 0.09285299124918511, 0.09212098612354021, 0.0917725325019706, 0.09119813298137408, 0.0912449728323832, 0.09081210618476517, 0.09027584852180032, 0.09018859415758024, 0.09003383727325819, 0.08980622102086638, 0.08936991071541973, 0.08932205372192703, 0.08934035499565052, 0.0891259066114294, 0.08885706755769039, 0.0888546989533196, 0.08864591089282789, 0.08855993185468375, 0.08844216478055135, 0.08848207057425893, 0.0882940172833399, 0.08838539519812204, 0.08798417804476445, 0.08812570609662511, 0.08805882243606786, 0.08800348750684407, 0.08784462990424372, 0.08778316419199676, 0.08770958361330683, 0.08773444539142496, 0.08760098985744195, 0.08763089594026227, 0.08751042297363533, 0.08755078993412395, 0.08731195742961438]}