{"val_loss": [0.011293521326898232, 0.011526708217952795, 0.011498396761495637, 0.011326594727688793, 0.01139839615626604, 0.011392733639573396, 0.011395174448861215], "val_mean_absolute_error": [0.08385156094504648, 0.0837465554020534, 0.08394422278769273, 0.084153212209217, 0.08475403599750657, 0.08479442584260655, 0.08398856019947243], "loss": [0.012141881293527048, 0.012135293177850977, 0.012105132643700549, 0.012057330842418843, 0.012060298215088498, 0.012074332038695955, 0.012063503669469521], "mean_absolute_error": [0.08727986950669032, 0.08745164318055589, 0.0872410724804975, 0.08705539955540961, 0.08701698840966089, 0.08727197353835427, 0.08707201231157381]}