{"avg_val_loss": 0.01112389220340158, "avg_val_mean_absolute_error": 0.08329814310450193, "avg_loss": 0.011871450494003807, "avg_mean_absolute_error": 0.08631833057739677, "avg_cpu (ms)": 178.49877643585205, "avg_test_mean_absolute_error": 0.08169616399321256}