{"val_loss": [0.01114755050333381, 0.011106113011692686, 0.011141411831377228, 0.011047004034386666, 0.011112619116078191, 0.01112389220340158], "val_mean_absolute_error": [0.08315450423417292, 0.08324179317561048, 0.08347120660170869, 0.08349661589502577, 0.08386194050472513, 0.08329814310450193], "loss": [0.011971544131636074, 0.011906376288441618, 0.011917126327573193, 0.011912409072443848, 0.011880781091351766, 0.011871450494003807], "mean_absolute_error": [0.0866814026907626, 0.08644782598829799, 0.0864255205521736, 0.08642783158131931, 0.0864394094672075, 0.08631833057739677]}