{"val_loss": [0.011162682945183676, 0.011216712674276689, 0.011184461774457349, 0.01115566702426809, 0.011180254428083956, 0.011186562808860413], "val_mean_absolute_error": [0.08312727031259282, 0.08405423280796624, 0.08390653784435108, 0.08353246267294975, 0.0832473340205631, 0.08346006910352731], "loss": [0.01206944463509521, 0.012061165395449054, 0.01206977079167381, 0.012009412313843709, 0.012025869329326354, 0.012042075391823113], "mean_absolute_error": [0.08716600992412904, 0.08704594449860376, 0.08718340829471548, 0.08686426507501353, 0.08700122034460757, 0.087073852251775]}