{"val_loss": [0.011127749941658775, 0.011119964065966227, 0.01110571492825283, 0.011192684774134968, 0.01113913962668754, 0.011139786882140897, 0.011122947009647707, 0.011238138280358908, 0.011186915165048656, 0.011352395673272524, 0.01112819858916635, 0.01115208873609204, 0.011282869993163839], "val_mean_absolute_error": [0.08400485046791357, 0.08393419911686158, 0.0838994363439065, 0.08332040800599518, 0.08357700116144862, 0.08353358940690682, 0.08339755727325071, 0.08325696955303614, 0.08386756254120899, 0.08372914458216318, 0.08336929895657923, 0.08342153946947022, 0.08500067182918714], "loss": [0.01203810585521958, 0.012036343646202447, 0.012031452503507472, 0.011979977026875012, 0.011975190602801646, 0.011982035575145268, 0.011959882490230606, 0.011932005767073251, 0.011973674631126297, 0.01193478237485982, 0.011929849104484169, 0.01192788892910097, 0.01192958489202393], "mean_absolute_error": [0.08694187266010418, 0.08687732026795286, 0.08687353277836088, 0.08671997097906194, 0.08673355567744398, 0.08667460510370822, 0.08653677150141618, 0.08644382811238452, 0.08658730446206546, 0.08652140409412795, 0.08651530697360733, 0.08655401427124089, 0.08649119544207147]}