{"val_loss": [0.012638210031943816, 0.012839634776425895, 0.012281710572386393, 0.012640409919866197, 0.012379072321051005, 0.012679293087155872, 0.012868515210254304, 0.012184438084171616, 0.012395999379313015, 0.012734461209235182, 0.012791905238183115, 0.012996299840408725, 0.012948760044396126], "val_mean_absolute_error": [0.09013464655995328, 0.09066484328767085, 0.08868034104702693, 0.09010408590398934, 0.08911612526805035, 0.0902465542979616, 0.09086055838833589, 0.0883874030532818, 0.08929479755326036, 0.09028152983849771, 0.0907742429455326, 0.09160122473935786, 0.09124908664564778], "loss": [0.01179572066105616, 0.011747596419342579, 0.011727905613044218, 0.011630440686107645, 0.011694799096664424, 0.01163951905129622, 0.011582099486501327, 0.011575172826722978, 0.01161556032949775, 0.011570253964586852, 0.011599274026894283, 0.01156313240346053, 0.011568906615496475], "mean_absolute_error": [0.08608344959337541, 0.08582800008098752, 0.08585509406418378, 0.0854680465196794, 0.0857031281037018, 0.08552703681832582, 0.08528949826164352, 0.0852664430117117, 0.08544539605969875, 0.08517337694193992, 0.0854497752548991, 0.08515988303424324, 0.08514150435301056]}