{"val_loss": [0.01715336660396406, 0.014723479187790468, 0.013580636831365955, 0.013413994865529159, 0.012891706100501464, 0.01304874465062664, 0.012979988331187634, 0.01295867897923324, 0.012618413748618693, 0.012761482582978332, 0.013093309486673472, 0.012504596733655199, 0.012428329766065697, 0.012956363134271013, 0.012479639917419348, 0.01264260861386677, 0.012609205819553451], "val_mean_absolute_error": [0.10621252846923994, 0.09766577896250273, 0.09293883548469675, 0.09302195751758416, 0.09099808663073994, 0.09131034962427849, 0.09117839351674034, 0.09177995211872494, 0.09013106329703949, 0.09062156178305299, 0.09179962937460513, 0.08944483638479507, 0.08956561296438748, 0.09131696626658241, 0.09000666014265413, 0.0903655903668647, 0.09000693264675648], "loss": [0.03166304270389222, 0.018050352224290203, 0.015815617013637626, 0.014783741149170072, 0.014276120561182352, 0.013786280892150967, 0.013461312510981942, 0.013225497953296335, 0.012996104473831795, 0.012850189774798541, 0.012722785999542982, 0.0126297802921726, 0.012532548369635056, 0.012425223794185479, 0.012342853765325524, 0.012270206075877275, 0.012234059151209281], "mean_absolute_error": [0.13985870724052704, 0.10723002063443841, 0.10021764937150288, 0.0968965200883268, 0.095261124097553, 0.09350750148889403, 0.09248508253777654, 0.09156091740357294, 0.09070538816554728, 0.0901553290987146, 0.08984765261027931, 0.08943982086408533, 0.08915228241938807, 0.08865622795152815, 0.08834061471619567, 0.08808807639729345, 0.08787649689737394]}