{"val_loss": [0.01256825213181994, 0.012869971281916765, 0.01288529586532709, 0.012295104249488563, 0.012530446259027326, 0.012605608310770663, 0.012717029284853734, 0.012873556637482629, 0.01306621925226178], "val_mean_absolute_error": [0.08993336712795665, 0.09117382228109355, 0.09126541733106852, 0.0887819181926689, 0.0895734052426165, 0.08979911583132477, 0.090756256126777, 0.09074410302628821, 0.09098064521464756], "loss": [0.012176487845943666, 0.012104961496344978, 0.012022775141468463, 0.011992046786791749, 0.011936758892327641, 0.011868065553070383, 0.011901667182238312, 0.011783211172522052, 0.011797110090324242], "mean_absolute_error": [0.08771021625093696, 0.08743313842584084, 0.08719622604682474, 0.0869234124109028, 0.08663124751810079, 0.08643585292773569, 0.08656524502079421, 0.08609207292435608, 0.08606107645546197]}