{"val_loss": [0.012343881013362215, 0.011839279674065974, 0.012023409395423613, 0.012632403355826577, 0.012636609940397074, 0.011960171581376015, 0.012700873080749612], "val_mean_absolute_error": [0.0888889729749901, 0.08681413579270389, 0.08765069327888313, 0.09050899646442807, 0.09002747233810099, 0.08758865772324285, 0.09063373662441547], "loss": [0.011492976284585144, 0.011476367484044772, 0.011513119471520436, 0.011527335624609052, 0.011502031736104222, 0.011492549989701442, 0.011489817118850642], "mean_absolute_error": [0.08472660828693285, 0.08489067787491889, 0.0848486525860106, 0.08490608634188858, 0.08487792405390392, 0.08491873837115169, 0.0848425848457091]}