{"val_loss": [0.012897563810873112, 0.012460981570136264, 0.012395385998687888, 0.012079335430604951, 0.012616227529301976, 0.012476694173295451, 0.012652404325844482, 0.012331642105501268, 0.012347242194798573], "val_mean_absolute_error": [0.09055627757155978, 0.08891613720490504, 0.08880708980697052, 0.08787504366611996, 0.09017588866931918, 0.08938953084394774, 0.08980786124922192, 0.08831609214662486, 0.08870537097819946], "loss": [0.011550079279762026, 0.011562416139150409, 0.011574839295342329, 0.011530984931985377, 0.0115235497883003, 0.011517465864230166, 0.011489642324872198, 0.011496029197608285, 0.011464511442498082], "mean_absolute_error": [0.08516415829512516, 0.0851616716938026, 0.08510807881311505, 0.08512422785700366, 0.0849685163833122, 0.08497461024485106, 0.08494628444112326, 0.08485642517722336, 0.08486973831276232]}