{"val_loss": [0.01357150771509606, 0.012832278613056488, 0.013737745493773407, 0.012791197983992612, 0.013908906952837417, 0.013385003684567168, 0.013692428343291062, 0.014504880752306758, 0.013867753335795525], "val_mean_absolute_error": [0.09371948353645325, 0.09063398346599673, 0.09405357618965003, 0.0902831528606605, 0.09483468127372072, 0.09285183474779073, 0.09394986160037586, 0.09737570217875871, 0.09461541372611569], "loss": [0.012766114530782517, 0.012745096495422594, 0.012711061133040847, 0.012696633646323948, 0.012603877403460155, 0.012652303581901057, 0.012654663969671529, 0.012579901389762943, 0.012572850734014516], "mean_absolute_error": [0.08948234668979527, 0.08931426088021052, 0.08926587603810206, 0.08921698449884444, 0.08885024331514972, 0.0890583184554195, 0.08910773226179003, 0.08871272798962561, 0.08868699143647851]}