{"val_loss": [0.013038064690899175, 0.013101616078630364, 0.013516829515785854, 0.013442759840885147, 0.01341647097537187, 0.013400550000805611], "val_mean_absolute_error": [0.09143489321891533, 0.09196808500939059, 0.09337201352495786, 0.09334219401469208, 0.09312554518700372, 0.0930173996093331], "loss": [0.01292492883625086, 0.012963038728233053, 0.012935801572392928, 0.012892993434972565, 0.012896757410171896, 0.012866057020531868], "mean_absolute_error": [0.08990975671223449, 0.0900972844781397, 0.08997448644106769, 0.08981931148766949, 0.08981666599019268, 0.08974503504697089]}