{"val_loss": [0.013783464510328252, 0.013472824408796482, 0.013349732738387231, 0.013914811726448918, 0.013669980612154917, 0.013193898661934031, 0.013754755997578761, 0.013461364091295598, 0.01467129905788479, 0.013933951974422678, 0.01447881382947715], "val_mean_absolute_error": [0.09409495929316476, 0.09291903250138318, 0.09231868222832024, 0.09448660603925772, 0.09375867843680258, 0.09170041153065482, 0.09385484344598827, 0.09306265894303092, 0.09781807196910552, 0.09502485651929722, 0.09691232251249543], "loss": [0.013430611611356117, 0.013353570097603209, 0.013286844224767357, 0.013180070863480026, 0.0132203472750675, 0.013209037390812207, 0.013140005076314843, 0.013061205026753531, 0.01310855373876464, 0.013044141659199563, 0.01293126065049633], "mean_absolute_error": [0.0918147667642876, 0.09140210396344, 0.09144364093162642, 0.0909609063560433, 0.09101670780619424, 0.09111132679346477, 0.0907759605545317, 0.09042790766514615, 0.09065992672183587, 0.09046051575387262, 0.09003191771763402]}