{"val_loss": [0.01360067770543083, 0.01275888974825776, 0.014109577228137805, 0.014550567018750099, 0.013460259187330369, 0.013436438718224827, 0.013524021222283923], "val_mean_absolute_error": [0.09408668084518142, 0.09013814492107317, 0.09564261599009424, 0.09764517185180231, 0.09317912742274016, 0.09351410210589593, 0.09368911341668208], "loss": [0.01254951433689536, 0.012491498470995366, 0.012516694709879922, 0.012509882827647447, 0.012532466448005705, 0.01245774640901003, 0.012410555864883302], "mean_absolute_error": [0.08855055477820369, 0.08845415215017295, 0.08849693264299047, 0.08841151235761006, 0.08846058512481411, 0.08829264063381295, 0.08810632695421512]}