{"val_loss": [0.02284379489872481, 0.016851474769126122, 0.01514978361134906, 0.015533926763268808, 0.01439252904998211, 0.014701039493982193, 0.014310247584472784, 0.014468246262385161, 0.013973746627203798, 0.0140801917459826, 0.013655527472991372, 0.014509789596290545, 0.013849507427887249, 0.015223124058019035, 0.014289444480872932, 0.014255621455086118], "val_mean_absolute_error": [0.12267056792362274, 0.10491745778105317, 0.09889407760188461, 0.10040463152851001, 0.09638719215562667, 0.09748283052017838, 0.09640887975099738, 0.09670108718691935, 0.09504827626309834, 0.09542376241081112, 0.09380540896675617, 0.09715252129734173, 0.09447813889258865, 0.09953204453228691, 0.09616751441472715, 0.09627277046518774], "loss": [0.03542679276377971, 0.021192145524157317, 0.017835802028295128, 0.016395488026124887, 0.015530986890604956, 0.015070265858674738, 0.01469611619204199, 0.014507147687387336, 0.0142457045021237, 0.014096354316110272, 0.013865815063067026, 0.013806589721240575, 0.013710033793247, 0.013561753310083498, 0.013523207484335352, 0.013382488491680168], "mean_absolute_error": [0.14987988549883244, 0.11664019698953232, 0.10649238898608858, 0.10181333367524961, 0.0990450994143103, 0.09747603160463143, 0.09627359238445905, 0.09573708925787353, 0.0946955357523541, 0.09410774016371938, 0.09338704348622141, 0.09318511175122764, 0.09288694827014915, 0.0922588336670774, 0.09219291711769659, 0.09151862910466299]}