{"val_loss": [0.012339468267790421, 0.012576517258391061, 0.012452720536565971, 0.01245339982927606, 0.012264575302316547, 0.012044382880316585, 0.012520848833923664, 0.012862252193161535, 0.01272771700285266, 0.01259969784271521, 0.013151404215867794], "val_mean_absolute_error": [0.08942493314411215, 0.09043363346929198, 0.09022635443263209, 0.09001822476083943, 0.08914940346289223, 0.0884194023009766, 0.09031114454893434, 0.09171951532862749, 0.09099196698802228, 0.09053513392619418, 0.09261342082759137], "loss": [0.011516231599884751, 0.011496315992634414, 0.011494802946575153, 0.011453730946563294, 0.011432695366704928, 0.011432567959133125, 0.011401314755612943, 0.011395086434545993, 0.011388959154190682, 0.011354517014295885, 0.011379696094101964], "mean_absolute_error": [0.08500117240844958, 0.08491402063092245, 0.08477764431957058, 0.08474132723327404, 0.08469436998301988, 0.08459158744533546, 0.084483503920122, 0.0843915302656077, 0.08444539252667256, 0.08430612426469473, 0.08444206576661661]}