{"val_loss": [0.021525444358028265, 0.017425967307150094, 0.014926728451234368, 0.013847935712387377, 0.014299128028860825, 0.013394934193593567, 0.013401373516101734, 0.012910034130340212, 0.013658702030179251, 0.013742286173969397, 0.013287579160286792, 0.012874920808606, 0.01324191602027508, 0.014190992841017094, 0.013785659269221371, 0.013389028393123706, 0.012815835946639868, 0.013114768775621361, 0.01333488661431981, 0.013005962254307401, 0.012976779987380522, 0.013387301535318199], "val_mean_absolute_error": [0.1193694077275618, 0.10690649914484777, 0.09803712443620456, 0.09437021585476227, 0.0962897055572698, 0.09331550225619861, 0.09323533039291293, 0.09125210155202108, 0.09411093441992623, 0.09496988304399331, 0.09277221701405679, 0.09115737859189577, 0.09302969535344757, 0.09598320109030944, 0.09501053706485615, 0.09328178069993305, 0.09108907822873821, 0.09217070508862753, 0.09311162182650168, 0.09182437871035415, 0.09185677903541431, 0.09350190695383707], "loss": [0.03783159342239162, 0.019956462163520435, 0.01630797399177207, 0.014689132733654044, 0.013948643750579899, 0.013454439027149226, 0.013128628266946286, 0.012893465555699358, 0.012734431357855654, 0.012568074980595659, 0.012468812043676015, 0.012351571700648982, 0.012249424101778938, 0.012188305728264823, 0.012110740304373473, 0.012019907066344091, 0.01195596243809404, 0.011883276951535586, 0.011850298366425545, 0.011857466838153278, 0.011754392396606767, 0.011748467981387995], "mean_absolute_error": [0.15303014258401784, 0.11320560138154111, 0.10206413374744756, 0.096554285251751, 0.09408746075866709, 0.09219457591625144, 0.09101384037864246, 0.09026308522373176, 0.08964396893706016, 0.08908041720627957, 0.08865323656478559, 0.08810130051678075, 0.08791622364167292, 0.0876819844876912, 0.08724550483263196, 0.08699062585317878, 0.08674377813302116, 0.08653956624564474, 0.08630011429203265, 0.08642332988165308, 0.08600392409936196, 0.08586005289877213]}