{"val_loss": [0.012764766768282112, 0.012419559911087924, 0.012699438181822311, 0.013186385021543357, 0.012360190011165843, 0.012409741445951993, 0.013000512570530842, 0.012978781594536273, 0.013042516555943674, 0.013415520185615376, 0.012486035797893686], "val_mean_absolute_error": [0.09090650000090651, 0.0897358259085636, 0.09069053127526204, 0.09282360658316455, 0.08936936258449915, 0.08933633779922666, 0.09194494438341626, 0.09162497318287749, 0.09210511574411119, 0.09302161219882474, 0.08976261252233216], "loss": [0.011210176519947644, 0.011179074202880522, 0.011195886555528495, 0.011165391959860998, 0.011214135236475622, 0.011181387000455793, 0.01115296624033468, 0.011150686379978037, 0.011180048889194164, 0.011163932445738212, 0.011158211416874822], "mean_absolute_error": [0.08374918579283416, 0.08369646835029758, 0.08378801413272327, 0.08359199123804148, 0.08378417665954131, 0.08373162000226733, 0.08361367565734444, 0.08365561787083464, 0.0836675289304004, 0.08359427732450314, 0.08355236841476481]}