{"val_loss": [0.013590486997649741, 0.012931650577401489, 0.012921604999940332, 0.012435102260456904, 0.01231148879332759, 0.012393733897741026, 0.012547235039925005, 0.01291521494218498, 0.012531667252247917], "val_mean_absolute_error": [0.09400608161461935, 0.09138501625903579, 0.09149187695386328, 0.08912512500340104, 0.0891301603871166, 0.08943999309520538, 0.09021364723761857, 0.09150996929387584, 0.08964570042390839], "loss": [0.011799282886794308, 0.0117286888309239, 0.01166862819776592, 0.011726749273042531, 0.011673837969058765, 0.011603051911361177, 0.01161512651386914, 0.011563439539146738, 0.011535620977230656], "mean_absolute_error": [0.08603712852273813, 0.0857910839397763, 0.08559390859611207, 0.08578716564886188, 0.08561834113958403, 0.08534290819021488, 0.0853041751680469, 0.0851419115414938, 0.08508705298142213]}