{"val_loss": [0.012817064078114155, 0.013387899592485666, 0.012769574267622055, 0.013372385469178615, 0.01263595027675743, 0.012607222217462506, 0.012510825011560443, 0.012752703174619028, 0.012475322372971548, 0.013327951455275348, 0.0123262914958576, 0.01339539381791306, 0.013020557726970059, 0.012949221364889536, 0.013005803104254131, 0.012681330169688325], "val_mean_absolute_error": [0.09147510746822946, 0.09362225839590198, 0.09131314364505794, 0.09352765274535545, 0.09093502812400629, 0.09047238568235837, 0.09006357511145079, 0.09103477659558826, 0.09015459234591992, 0.09338601073004889, 0.08976994053071798, 0.09368484798414596, 0.09238218272090251, 0.0920156852408579, 0.09215358026560305, 0.0910605251994915], "loss": [0.011361387984799772, 0.011343775194826987, 0.01129095501464894, 0.01133568515523214, 0.011291205471129313, 0.011296558619399658, 0.01131280898882695, 0.011272527227145921, 0.011250851315235188, 0.011252759409675532, 0.011246443948184456, 0.011247025368364137, 0.011234613435028266, 0.011238344918618443, 0.011204029446442821, 0.011202130328837424], "mean_absolute_error": [0.08435301780002992, 0.0842016879432909, 0.0839909440096299, 0.0841548194829831, 0.08409099081861345, 0.08390548042868529, 0.08400660571697749, 0.08391520377921416, 0.08390753995056202, 0.08386280624451709, 0.08381261109773797, 0.08372381950023886, 0.0837275335365577, 0.08379848506259398, 0.08364201600314042, 0.08361533593722448]}