{"val_loss": [0.017553212048092678, 0.014097521729410208, 0.013790602295698671, 0.013746590216796122, 0.013814058214013549, 0.013439350575993532, 0.013115471435802682, 0.013127832552544018, 0.013340208226830236, 0.01306530941790523, 0.012164863842871042, 0.012224558680244987, 0.013375455067529704, 0.012971064523257048, 0.01292716952436169, 0.012601651252406166, 0.012338139483035953], "val_mean_absolute_error": [0.10781624577858843, 0.0954832787256331, 0.09452192769498427, 0.09425995115923506, 0.09479508270957189, 0.09304421311300508, 0.09220042361236828, 0.09174294224062442, 0.09291851368622706, 0.09190012252794026, 0.08849561722562055, 0.08832974050089594, 0.09354239393248234, 0.09146193146414354, 0.09133142464823488, 0.08958442842394555, 0.08880685313959652], "loss": [0.029903563130204338, 0.017217767400134854, 0.015020913247031698, 0.014165669218831643, 0.013695511205358874, 0.013396995542517531, 0.0131651200640811, 0.012941993311519375, 0.01281320594184002, 0.012619891063745507, 0.012583705857609796, 0.012435464384031005, 0.012388083204364526, 0.012295806679944865, 0.012236018378423169, 0.012186309289682997, 0.012183422621077486], "mean_absolute_error": [0.13667062937212146, 0.10484653841440311, 0.0976475071784248, 0.09475565795563959, 0.09311845384771032, 0.09209601246897599, 0.09112841895661868, 0.09043841980668933, 0.09001731047177641, 0.08926890409430226, 0.08908405743018674, 0.08851480201875718, 0.08837703473880812, 0.0879615028607375, 0.08777952470416475, 0.08758177236987126, 0.08761116068574314]}