{"val_loss": [0.012568797266657383, 0.012021461607571978, 0.012298738230492937, 0.012437184195606648, 0.012277197731604527, 0.012527573433147931, 0.012847242932376398], "val_mean_absolute_error": [0.08992949027594702, 0.08780132468262615, 0.08895937668908108, 0.08959717525296367, 0.08872376057919694, 0.0899962761885149, 0.09169014162873128], "loss": [0.011941037441120975, 0.01189991414760362, 0.011848814114974576, 0.011864165485854212, 0.011820053954839236, 0.011786701468584179, 0.011819280762552705], "mean_absolute_error": [0.08664160800735414, 0.0864240809024684, 0.08627903925268432, 0.08616194472897505, 0.0861948431832177, 0.08601251647941405, 0.08612374423303534]}