{"val_loss": [0.012792773606491344, 0.01211260016612952, 0.011921654744582852, 0.011806193607484626, 0.012213269079303129, 0.012515391200893372, 0.01258772865766739, 0.011927519797390112, 0.012891186439512549], "val_mean_absolute_error": [0.09105598210789595, 0.08771397741944258, 0.08749319223051927, 0.0869336372064118, 0.0885937824892409, 0.0899323615306897, 0.0900643943020461, 0.08755373804156624, 0.09149860110852083], "loss": [0.012172030400583185, 0.012151102450586258, 0.012115484462885124, 0.012031838439276328, 0.01203672299355735, 0.012024045398443713, 0.01193259142431074, 0.011933007218190041, 0.011977244702144847], "mean_absolute_error": [0.08754107816438754, 0.0874231863231376, 0.08730581659899693, 0.08696087225394064, 0.0869353362313525, 0.08690457156637835, 0.08668858014765005, 0.08658461935632326, 0.08674371784444054]}