{"val_loss": [0.012492766291387994, 0.01255822150773858, 0.012869036279511468, 0.012628831408885636, 0.012134816387567303, 0.012439090693479614, 0.012876000410039817, 0.012356475379239944, 0.012697057632691692, 0.012235683908795711], "val_mean_absolute_error": [0.08999439820265248, 0.08991425634511918, 0.0913573203081411, 0.09045626581444277, 0.08805403046473036, 0.08971153430960768, 0.09112321546519932, 0.08932887995032367, 0.09048447800955225, 0.08903013242762499], "loss": [0.011773380744847734, 0.011744797238174572, 0.011728962331877271, 0.011722192220957807, 0.011704099892752885, 0.011676738734797, 0.011661027937708358, 0.011671564205734232, 0.011592120202829874, 0.011642680072453674], "mean_absolute_error": [0.08610553756400935, 0.08592655624088089, 0.08590820806631183, 0.08587131476162888, 0.08573704853330136, 0.08569295489454036, 0.08556755502783953, 0.08570122978210501, 0.08528999763314242, 0.08545427563429157]}