{"val_loss": [0.012918502058239483, 0.012304147703691499, 0.013496564516199601, 0.013511090234151374, 0.012801133842104689, 0.012979384496337976, 0.013189691811582844], "val_mean_absolute_error": [0.0918171551140915, 0.08889750627329655, 0.0938804594674072, 0.09395417371176311, 0.09109452247609164, 0.09216911593578772, 0.0926727901088484], "loss": [0.011593807933199217, 0.011590639166727448, 0.011555972210414274, 0.01154607818491593, 0.011571779253821265, 0.011548303213313618, 0.01155791099701965], "mean_absolute_error": [0.08526816168617807, 0.08530289459938417, 0.08514466648875721, 0.0850375277985467, 0.08517062583612152, 0.08515919947407923, 0.0851666661117157]}