{"val_loss": [0.43374409223347987, 0.43109406415213053, 0.4279718381465772, 0.43017038947509184, 0.42972063058212157, 0.42977276624093275, 0.42767612170547953, 0.4272490800731734, 0.4230999023255986, 0.42390504844655036, 0.4272286097115632, 0.4278654774918456], "val_acc": [0.8268758044663712, 0.8279292991272141, 0.8282804632513414, 0.8264075854434965, 0.8262320025232599, 0.8269928598465328, 0.8299192324059218, 0.8299192323152207, 0.8293924853615581, 0.8298021775071743, 0.8284560455994626, 0.8281634089247092], "val_f1_m": [0.8268757448617264, 0.8279292395225694, 0.8282804036466966, 0.8264075258388517, 0.8262319429186151, 0.8269590122853511, 0.829919172801277, 0.8299440274078952, 0.8293924257569133, 0.8298021179025296, 0.8284559859948178, 0.8281633493200644], "val_precision_m": [0.8268758044663712, 0.8279292991272141, 0.8282804632513414, 0.8264075854434965, 0.8262320025232599, 0.8269839087261551, 0.8299192324059218, 0.8299690381601238, 0.8293924853615581, 0.8298021775071743, 0.8284560455994626, 0.8281634089247092], "val_recall_m": [0.8268758044663712, 0.8279292991272141, 0.8282804632513414, 0.8264075854434965, 0.8262320025232599, 0.8269343323971591, 0.8299192324059218, 0.8299192323152207, 0.8293924853615581, 0.8298021775071743, 0.8284560455994626, 0.8281634089247092], "val_f1_m_1": [0.8268757448617264, 0.8279292395225694, 0.8282804036466966, 0.8264075258388517, 0.8262319429186151, 0.8269590122853511, 0.829919172801277, 0.8299440274078952, 0.8293924257569133, 0.8298021179025296, 0.8284559859948178, 0.8281633493200644], "val_precision_m_1": [0.8268758044663712, 0.8279292991272141, 0.8282804632513414, 0.8264075854434965, 0.8262320025232599, 0.8269839087261551, 0.8299192324059218, 0.8299690381601238, 0.8293924853615581, 0.8298021775071743, 0.8284560455994626, 0.8281634089247092], "val_recall_m_1": [0.8268758044663712, 0.8279292991272141, 0.8282804632513414, 0.8264075854434965, 0.8262320025232599, 0.8269343323971591, 0.8299192324059218, 0.8299192323152207, 0.8293924853615581, 0.8298021775071743, 0.8284560455994626, 0.8281634089247092], "val_f1_m_2": [0.8268757448617264, 0.8279292395225694, 0.8282804036466966, 0.8264075258388517, 0.8262319429186151, 0.8269590122853511, 0.829919172801277, 0.8299440274078952, 0.8293924257569133, 0.8298021179025296, 0.8284559859948178, 0.8281633493200644], "val_precision_m_2": [0.8268758044663712, 0.8279292991272141, 0.8282804632513414, 0.8264075854434965, 0.8262320025232599, 0.8269839087261551, 0.8299192324059218, 0.8299690381601238, 0.8293924853615581, 0.8298021775071743, 0.8284560455994626, 0.8281634089247092], "val_recall_m_2": [0.8268758044663712, 0.8279292991272141, 0.8282804632513414, 0.8264075854434965, 0.8262320025232599, 0.8269343323971591, 0.8299192324059218, 0.8299192323152207, 0.8293924853615581, 0.8298021775071743, 0.8284560455994626, 0.8281634089247092], "loss": [0.438395155585059, 0.4364279707136216, 0.4349069623972784, 0.4347429179314139, 0.43628666717486875, 0.4356516483236627, 0.434019874806934, 0.432619395974839, 0.4350907873009369, 0.43134012334007865, 0.4329228378448065, 0.4319376651680333], "acc": [0.8269222327581276, 0.8273319189868907, 0.8278732898702948, 0.828209817857782, 0.8279171848682594, 0.8269661277072538, 0.8273465505906681, 0.8285024507984664, 0.8279464482755282, 0.8287072938740389, 0.8279318164633156, 0.828341502740917], "f1_m": [0.8268705991385614, 0.8273063182970349, 0.8278208877916647, 0.8282278830466653, 0.8278979408722683, 0.8269460817569089, 0.8273464909860233, 0.828505855315134, 0.8279290651558208, 0.8287374426307095, 0.8279147486006806, 0.8283184516943577], "precision_m": [0.8269070637200814, 0.827324804097874, 0.8278565354542233, 0.8282461388884331, 0.8279228081489692, 0.8269701444001212, 0.8273465505906681, 0.828524082802725, 0.8279704903848117, 0.8287678289251239, 0.8279271114560626, 0.82836887278216], "recall_m": [0.8268344428685965, 0.8272880240421252, 0.8277854999807638, 0.828209817857782, 0.8278732899234938, 0.8269222327624882, 0.8273465505906681, 0.8284878191502112, 0.8278879216825075, 0.8287072938740389, 0.8279025531668052, 0.8282683444996412], "f1_m_1": [0.8268705991385614, 0.8273063182970349, 0.8278208877916647, 0.8282278830466653, 0.8278979408722683, 0.8269460817569089, 0.8273464909860233, 0.828505855315134, 0.8279290651558208, 0.8287374426307095, 0.8279147486006806, 0.8283184516943577], "precision_m_1": [0.8269070637200814, 0.827324804097874, 0.8278565354542233, 0.8282461388884331, 0.8279228081489692, 0.8269701444001212, 0.8273465505906681, 0.828524082802725, 0.8279704903848117, 0.8287678289251239, 0.8279271114560626, 0.82836887278216], "recall_m_1": [0.8268344428685965, 0.8272880240421252, 0.8277854999807638, 0.828209817857782, 0.8278732899234938, 0.8269222327624882, 0.8273465505906681, 0.8284878191502112, 0.8278879216825075, 0.8287072938740389, 0.8279025531668052, 0.8282683444996412], "f1_m_2": [0.8268705991385614, 0.8273063182970349, 0.8278208877916647, 0.8282278830466653, 0.8278979408722683, 0.8269460817569089, 0.8273464909860233, 0.828505855315134, 0.8279290651558208, 0.8287374426307095, 0.8279147486006806, 0.8283184516943577], "precision_m_2": [0.8269070637200814, 0.827324804097874, 0.8278565354542233, 0.8282461388884331, 0.8279228081489692, 0.8269701444001212, 0.8273465505906681, 0.828524082802725, 0.8279704903848117, 0.8287678289251239, 0.8279271114560626, 0.82836887278216], "recall_m_2": [0.8268344428685965, 0.8272880240421252, 0.8277854999807638, 0.828209817857782, 0.8278732899234938, 0.8269222327624882, 0.8273465505906681, 0.8284878191502112, 0.8278879216825075, 0.8287072938740389, 0.8279025531668052, 0.8282683444996412]}