{"val_loss": [0.5900251242934056, 0.5017223377409733, 0.4728706556896626, 0.4488506956300553, 0.44049176929037087, 0.43494312089064546, 0.4354120961135299, 0.4325181944127344, 0.434381188688838, 0.431640570205726, 0.4269415267161114, 0.42843871293983543, 0.4304691629649227, 0.4290317158217092, 0.4293925775990196, 0.42654615876100754], "val_acc": [0.787323696251784, 0.8172294726584273, 0.8247790719083943, 0.8248375959813424, 0.8250131678356591, 0.8277052731506164, 0.8271200327036874, 0.8270029846066274, 0.826066600323742, 0.8276467488718583, 0.8289342774145291, 0.8272956047271869, 0.827178556781868, 0.8266518404497469, 0.8267688887159897, 0.8278223209319849], "val_f1_m": [0.7869338731960533, 0.8172384604280574, 0.8247217029889499, 0.8248855250522337, 0.8250380757784713, 0.8277292648695403, 0.8271109251648949, 0.8270282363566491, 0.8260665410522302, 0.8276127880903433, 0.8289236815683027, 0.8272955451225421, 0.8272036936672825, 0.8266517811782351, 0.826768829111345, 0.8277884756813433], "val_precision_m": [0.7886073154926495, 0.8174826192463052, 0.8247817536150934, 0.8249337593043479, 0.8250632002681987, 0.8277534695633566, 0.827160655534755, 0.8270537055465917, 0.826066600323742, 0.8276375687728612, 0.8289719167134227, 0.8272956047271869, 0.8272290482193575, 0.8266518404497469, 0.8267688887159897, 0.8278133703354628], "val_recall_m": [0.7852753556258866, 0.8169953765619796, 0.8246620237450564, 0.8248375959813424, 0.8250131678356591, 0.8277052731506164, 0.8270615086795755, 0.8270029846066274, 0.826066600323742, 0.8275882248477464, 0.8288757533904172, 0.8272956047271869, 0.827178556781868, 0.8266518404497469, 0.8267688887159897, 0.8277637969078729], "loss": [0.7037046229017433, 0.5804346857829464, 0.5226541677696789, 0.49521828471853796, 0.48011174443928234, 0.4710087371168323, 0.46568814171193623, 0.46124208527804117, 0.4572617770092529, 0.4540920581790277, 0.45191795373429017, 0.45007943911001524, 0.44745726584969564, 0.446336846088311, 0.4450170594301015, 0.4446290201455944], "acc": [0.7516826641206564, 0.7897108745047489, 0.8026161770916621, 0.8096102072220559, 0.8145265128996813, 0.8182576378809824, 0.8196330329273116, 0.8216083343157679, 0.8215937024394704, 0.8214912793193421, 0.8234519488594089, 0.8234226851905382, 0.8245200749360663, 0.826085684109136, 0.8238909049390225, 0.8251199813409864], "f1_m": [0.7339324996382937, 0.7889187584070695, 0.802571856967183, 0.8096331409585849, 0.8145021388978098, 0.8182221468698081, 0.8196236341685863, 0.8215826709544255, 0.8215341986614103, 0.8214518182188094, 0.8234447021472096, 0.8233975998679662, 0.8245083613709936, 0.8260840212351319, 0.8238886117963089, 0.8250940652512059], "precision_m": [0.755463290776886, 0.7911212365813993, 0.802894943263929, 0.8097884874984083, 0.8146687989196969, 0.8183483149719841, 0.8197025005605033, 0.8217039678786937, 0.8216361642218747, 0.8215298391080609, 0.8234816144601977, 0.8234459817249044, 0.8245260999518926, 0.8261265388336615, 0.8239304973260588, 0.825112235179121], "recall_m": [0.7208825939295792, 0.7867406064490308, 0.8022503805330762, 0.8094785204609649, 0.8143362986892165, 0.8180966873952046, 0.8195452417532509, 0.8214620156923335, 0.8214327519536926, 0.8213742244205946, 0.8234080532723786, 0.8233495258788209, 0.8244908112113793, 0.8260417885221056, 0.8238470093519923, 0.8250760857539561]}