{"val_loss": 0.4218872605456578, "val_acc": 0.826524640307359, "val_f1_m": 0.8265245813655306, "val_precision_m": 0.826524640307359, "val_recall_m": 0.826524640307359, "loss": 0.43220218368530344, "acc": 0.8280342381362795, "f1_m": 0.8280409353096315, "precision_m": 0.8280771578759734, "recall_m": 0.8280049748397692, "cpu (ms)": 137.42250895500183, "report": {"Low": {"precision": 0.9347037484885127, "recall": 0.4340258281864121, "f1-score": 0.5927914110429447, "support": 1781}, "Medium": {"precision": 0.8103049907578558, "recall": 0.9920792079207921, "f1-score": 0.8920259442960703, "support": 7070}, "High": {"precision": 0.8, "recall": 0.012461059190031152, "f1-score": 0.024539877300613498, "support": 642}, "micro avg": {"precision": 0.8211313599494364, "recall": 0.8211313599494364, "f1-score": 0.8211313599494364, "support": 9493}, "macro avg": {"precision": 0.8483362464154561, "recall": 0.4795220317657451, "f1-score": 0.503119077546543, "support": 9493}, "weighted avg": {"precision": 0.8329467671669737, "recall": 0.8211313599494364, "f1-score": 0.7772189540153477, "support": 9493}}}