{"val_loss": [0.42013916206153346, 0.4241803368486147, 0.4271396634506981, 0.4193002891096789, 0.4219070190318948, 0.4223842742179912], "val_acc": [0.8285731010145093, 0.8268172775332967, 0.8245932344570939, 0.8281634088688931, 0.8267587499932217, 0.8276366618245292], "val_f1_m": [0.8285730414098645, 0.8268172179286519, 0.8245931748524491, 0.8281633492642483, 0.826758690388577, 0.8276366022198844], "val_precision_m": [0.8285731010145093, 0.8268172775332967, 0.8245932344570939, 0.8281634088688931, 0.8267587499932217, 0.8276366618245292], "val_recall_m": [0.8285731010145093, 0.8268172775332967, 0.8245932344570939, 0.8281634088688931, 0.8267587499932217, 0.8276366618245292], "val_f1_m_1": [0.8285730414098645, 0.8268172179286519, 0.8245931748524491, 0.8281633492642483, 0.826758690388577, 0.8276366022198844], "val_precision_m_1": [0.8285731010145093, 0.8268172775332967, 0.8245932344570939, 0.8281634088688931, 0.8267587499932217, 0.8276366618245292], "val_recall_m_1": [0.8285731010145093, 0.8268172775332967, 0.8245932344570939, 0.8281634088688931, 0.8267587499932217, 0.8276366618245292], "val_f1_m_2": [0.8285730414098645, 0.8268172179286519, 0.8245931748524491, 0.8281633492642483, 0.826758690388577, 0.8276366022198844], "val_precision_m_2": [0.8285731010145093, 0.8268172775332967, 0.8245932344570939, 0.8281634088688931, 0.8267587499932217, 0.8276366618245292], "val_recall_m_2": [0.8285731010145093, 0.8268172775332967, 0.8245932344570939, 0.8281634088688931, 0.8267587499932217, 0.8276366618245292], "val_f1_m_3": [0.8285730414098645, 0.8268172179286519, 0.8245931748524491, 0.8281633492642483, 0.826758690388577, 0.8276366022198844], "val_precision_m_3": [0.8285731010145093, 0.8268172775332967, 0.8245932344570939, 0.8281634088688931, 0.8267587499932217, 0.8276366618245292], "val_recall_m_3": [0.8285731010145093, 0.8268172775332967, 0.8245932344570939, 0.8281634088688931, 0.8267587499932217, 0.8276366618245292], "loss": [0.43488359534842486, 0.4335987004337057, 0.4325041870369159, 0.4344519676661751, 0.43331158979206447, 0.4318916727223439], "acc": [0.8280196063772658, 0.8290291901356527, 0.8283268709574841, 0.8279464480827909, 0.8283707659641698, 0.8291462433993123], "f1_m": [0.8280196575101932, 0.8290338216960644, 0.8283268113528394, 0.8279475621624552, 0.8283807852646891, 0.8291351600479596], "precision_m": [0.8280933216553215, 0.8290827065233131, 0.8283268709574841, 0.8279781788624635, 0.8284056525413901, 0.829153530646002], "recall_m": [0.8279464481359899, 0.8289852951908872, 0.8283268709574841, 0.8279171847862806, 0.8283561343159146, 0.829116980102802], "f1_m_1": [0.8280196575101932, 0.8290338216960644, 0.8283268113528394, 0.8279475621624552, 0.8283807852646891, 0.8291351600479596], "precision_m_1": [0.8280933216553215, 0.8290827065233131, 0.8283268709574841, 0.8279781788624635, 0.8284056525413901, 0.829153530646002], "recall_m_1": [0.8279464481359899, 0.8289852951908872, 0.8283268709574841, 0.8279171847862806, 0.8283561343159146, 0.829116980102802], "f1_m_2": [0.8280196575101932, 0.8290338216960644, 0.8283268113528394, 0.8279475621624552, 0.8283807852646891, 0.8291351600479596], "precision_m_2": [0.8280933216553215, 0.8290827065233131, 0.8283268709574841, 0.8279781788624635, 0.8284056525413901, 0.829153530646002], "recall_m_2": [0.8279464481359899, 0.8289852951908872, 0.8283268709574841, 0.8279171847862806, 0.8283561343159146, 0.829116980102802], "f1_m_3": [0.8280196575101932, 0.8290338216960644, 0.8283268113528394, 0.8279475621624552, 0.8283807852646891, 0.8291351600479596], "precision_m_3": [0.8280933216553215, 0.8290827065233131, 0.8283268709574841, 0.8279781788624635, 0.8284056525413901, 0.829153530646002], "recall_m_3": [0.8279464481359899, 0.8289852951908872, 0.8283268709574841, 0.8279171847862806, 0.8283561343159146, 0.829116980102802]}