{"val_loss": [0.4295511968267281, 0.4323594594998088, 0.43110988017450264, 0.4324803520362494, 0.426579936520774, 0.43167703047466266], "val_acc": [0.8296265948311333, 0.8279292991620992, 0.8281634088688931, 0.826232002558145, 0.829275430225592, 0.8262905305796341], "val_f1_m": [0.8296511595148428, 0.8279292395574545, 0.8281633492642483, 0.8262319429535002, 0.8292753706209472, 0.8262904709749893], "val_precision_m": [0.8296759416442223, 0.8279292991620992, 0.8281634088688931, 0.826232002558145, 0.829275430225592, 0.8262905305796341], "val_recall_m": [0.8296265948311333, 0.8279292991620992, 0.8281634088688931, 0.826232002558145, 0.829275430225592, 0.8262905305796341], "val_f1_m_1": [0.8296511595148428, 0.8279292395574545, 0.8281633492642483, 0.8262319429535002, 0.8292753706209472, 0.8262904709749893], "val_precision_m_1": [0.8296759416442223, 0.8279292991620992, 0.8281634088688931, 0.826232002558145, 0.829275430225592, 0.8262905305796341], "val_recall_m_1": [0.8296265948311333, 0.8279292991620992, 0.8281634088688931, 0.826232002558145, 0.829275430225592, 0.8262905305796341], "loss": [0.4423595695652063, 0.44079978770837847, 0.44017714662483504, 0.43775625629574705, 0.43804217672564305, 0.4378528404060545], "acc": [0.826205282046823, 0.826249177049148, 0.8250640133765214, 0.8279025532200042, 0.8262784402392604, 0.8257955959200972], "f1_m": [0.8261917073233561, 0.8262378934324681, 0.8250441391140656, 0.8278653275409363, 0.8262769207294042, 0.8258111983143043], "precision_m": [0.8262222664219658, 0.826256062648877, 0.8250683743382121, 0.8279015206367952, 0.8263195812567001, 0.8258416714573388], "recall_m": [0.8261613871020574, 0.8262199137526377, 0.8250201184317558, 0.8278293949787283, 0.8262345452944949, 0.8257809642718421], "f1_m_1": [0.8261917073233561, 0.8262378934324681, 0.8250441391140656, 0.8278653275409363, 0.8262769207294042, 0.8258111983143043], "precision_m_1": [0.8262222664219658, 0.826256062648877, 0.8250683743382121, 0.8279015206367952, 0.8263195812567001, 0.8258416714573388], "recall_m_1": [0.8261613871020574, 0.8262199137526377, 0.8250201184317558, 0.8278293949787283, 0.8262345452944949, 0.8257809642718421]}