{"val_loss": [0.4293532176373868, 0.41654786165098556, 0.42045359414131456, 0.4224837912262065, 0.4171881446281055, 0.4254159956636745, 0.4218872605456578], "val_acc": [0.8236567948066308, 0.8299192323710368, 0.8270513873517227, 0.8272854965771025, 0.8285731004633251, 0.8247102888953584, 0.826524640307359], "val_f1_m": [0.823656735201986, 0.8299191734292085, 0.8270513284098945, 0.8272854369724577, 0.8285730408586803, 0.8246757545725713, 0.8265245813655306], "val_precision_m": [0.8236567948066308, 0.8299192323710368, 0.8270513873517227, 0.8272854965771025, 0.8285731004633251, 0.824699960679538, 0.826524640307359], "val_recall_m": [0.8236567948066308, 0.8299192323710368, 0.8270513873517227, 0.8272854965771025, 0.8285731004633251, 0.8246517614459846, 0.826524640307359], "val_f1_m_1": [0.823656735201986, 0.8299191734292085, 0.8270513284098945, 0.8272854369724577, 0.8285730408586803, 0.8246757545725713, 0.8265245813655306], "val_precision_m_1": [0.8236567948066308, 0.8299192323710368, 0.8270513873517227, 0.8272854965771025, 0.8285731004633251, 0.824699960679538, 0.826524640307359], "val_recall_m_1": [0.8236567948066308, 0.8299192323710368, 0.8270513873517227, 0.8272854965771025, 0.8285731004633251, 0.8246517614459846, 0.826524640307359], "val_f1_m_2": [0.823656735201986, 0.8299191734292085, 0.8270513284098945, 0.8272854369724577, 0.8285730408586803, 0.8246757545725713, 0.8265245813655306], "val_precision_m_2": [0.8236567948066308, 0.8299192323710368, 0.8270513873517227, 0.8272854965771025, 0.8285731004633251, 0.824699960679538, 0.826524640307359], "val_recall_m_2": [0.8236567948066308, 0.8299192323710368, 0.8270513873517227, 0.8272854965771025, 0.8285731004633251, 0.8246517614459846, 0.826524640307359], "val_f1_m_3": [0.823656735201986, 0.8299191734292085, 0.8270513284098945, 0.8272854369724577, 0.8285730408586803, 0.8246757545725713, 0.8265245813655306], "val_precision_m_3": [0.8236567948066308, 0.8299192323710368, 0.8270513873517227, 0.8272854965771025, 0.8285731004633251, 0.824699960679538, 0.826524640307359], "val_recall_m_3": [0.8236567948066308, 0.8299192323710368, 0.8270513873517227, 0.8272854965771025, 0.8285731004633251, 0.8246517614459846, 0.826524640307359], "val_f1_m_4": [0.823656735201986, 0.8299191734292085, 0.8270513284098945, 0.8272854369724577, 0.8285730408586803, 0.8246757545725713, 0.8265245813655306], "val_precision_m_4": [0.8236567948066308, 0.8299192323710368, 0.8270513873517227, 0.8272854965771025, 0.8285731004633251, 0.824699960679538, 0.826524640307359], "val_recall_m_4": [0.8236567948066308, 0.8299192323710368, 0.8270513873517227, 0.8272854965771025, 0.8285731004633251, 0.8246517614459846, 0.826524640307359], "loss": [0.433155081028631, 0.43233468669091735, 0.43117145824837033, 0.4297985079917451, 0.4304609608385085, 0.4318950628194754, 0.43220218368530344], "acc": [0.8285463456856724, 0.8278586582220397, 0.8298924572963688, 0.8286195039269483, 0.8281659228022581, 0.8286487672766576, 0.8280342381362795], "f1_m": [0.8285557637497923, 0.8278449600839486, 0.8299078880026866, 0.8286109684389069, 0.8281839884376637, 0.8286347915760137, 0.8280409353096315], "precision_m": [0.8285800273220107, 0.8278753959711368, 0.829938188564787, 0.8286172088014591, 0.8282022438329091, 0.8286649483578793, 0.8280771578759734], "recall_m": [0.8285317140374172, 0.8278147632772742, 0.8298778256481136, 0.8286048722786931, 0.8281659228022581, 0.8286048723318921, 0.8280049748397692], "f1_m_1": [0.8285557637497923, 0.8278449600839486, 0.8299078880026866, 0.8286109684389069, 0.8281839884376637, 0.8286347915760137, 0.8280409353096315], "precision_m_1": [0.8285800273220107, 0.8278753959711368, 0.829938188564787, 0.8286172088014591, 0.8282022438329091, 0.8286649483578793, 0.8280771578759734], "recall_m_1": [0.8285317140374172, 0.8278147632772742, 0.8298778256481136, 0.8286048722786931, 0.8281659228022581, 0.8286048723318921, 0.8280049748397692], "f1_m_2": [0.8285557637497923, 0.8278449600839486, 0.8299078880026866, 0.8286109684389069, 0.8281839884376637, 0.8286347915760137, 0.8280409353096315], "precision_m_2": [0.8285800273220107, 0.8278753959711368, 0.829938188564787, 0.8286172088014591, 0.8282022438329091, 0.8286649483578793, 0.8280771578759734], "recall_m_2": [0.8285317140374172, 0.8278147632772742, 0.8298778256481136, 0.8286048722786931, 0.8281659228022581, 0.8286048723318921, 0.8280049748397692], "f1_m_3": [0.8285557637497923, 0.8278449600839486, 0.8299078880026866, 0.8286109684389069, 0.8281839884376637, 0.8286347915760137, 0.8280409353096315], "precision_m_3": [0.8285800273220107, 0.8278753959711368, 0.829938188564787, 0.8286172088014591, 0.8282022438329091, 0.8286649483578793, 0.8280771578759734], "recall_m_3": [0.8285317140374172, 0.8278147632772742, 0.8298778256481136, 0.8286048722786931, 0.8281659228022581, 0.8286048723318921, 0.8280049748397692], "f1_m_4": [0.8285557637497923, 0.8278449600839486, 0.8299078880026866, 0.8286109684389069, 0.8281839884376637, 0.8286347915760137, 0.8280409353096315], "precision_m_4": [0.8285800273220107, 0.8278753959711368, 0.829938188564787, 0.8286172088014591, 0.8282022438329091, 0.8286649483578793, 0.8280771578759734], "recall_m_4": [0.8285317140374172, 0.8278147632772742, 0.8298778256481136, 0.8286048722786931, 0.8281659228022581, 0.8286048723318921, 0.8280049748397692]}