{"val_loss": [0.01250445913581432, 0.013251115580737053, 0.012321620497686423, 0.012290167458962427, 0.012540793233099432, 0.012212753249893741, 0.012440381894773542, 0.012833208530852607, 0.012856766289372809, 0.012165462166828817, 0.01308441775901426, 0.012837605240953082, 0.012509618528461122, 0.012459318219514763, 0.012261576749197768], "val_mean_absolute_error": [0.0894371765350327, 0.0920056315653709, 0.08859496987875572, 0.0886325601902176, 0.08946766129589243, 0.08817951832619425, 0.0888795471820733, 0.09068618086878008, 0.09068380356930353, 0.08801908822985063, 0.09144235590114591, 0.09067007488599779, 0.08932547150287669, 0.08910245381109919, 0.08852767541413283], "loss": [0.011874984196756585, 0.011814655749006944, 0.01184430840036898, 0.01183772783387692, 0.011846355334708106, 0.011796096092386665, 0.011822822393245962, 0.01179137147868477, 0.01180483491751855, 0.011802318658331151, 0.011768605438731428, 0.01176189510220559, 0.011764676740837412, 0.011728532118679871, 0.011721527711215431], "mean_absolute_error": [0.08619901506880641, 0.08589054398476854, 0.08610759635865187, 0.0860651660751726, 0.08603286176322539, 0.08594956149228777, 0.08604482493499384, 0.08589595777667147, 0.08595501598728646, 0.08589305486073569, 0.08582768060026595, 0.08577994446733002, 0.08579047965065023, 0.08563704667133928, 0.08558094753296533]}