{"val_loss": [0.012422103979771434, 0.012912367624492866, 0.013400284354313886, 0.012931362119557064, 0.012492695056385162, 0.012549185014962034, 0.012434112656145092, 0.012655921237213779, 0.012894324113124394, 0.012671465774640279, 0.012784818615679348, 0.012337489985147594], "val_mean_absolute_error": [0.08938672767964512, 0.09125194666739525, 0.09346158923211678, 0.09149971820285864, 0.08936897421851589, 0.08976423147078993, 0.08906857485857973, 0.09048320621995112, 0.09134651157914735, 0.09034340433409213, 0.09091077868628387, 0.08909133223185114], "loss": [0.012381203320634762, 0.012297397225438933, 0.0122687667395547, 0.012219834403830598, 0.012204602464016428, 0.012149833667334105, 0.012152312172684301, 0.012115056852280889, 0.01208294694196021, 0.012159130327543628, 0.01206051289093092, 0.012068463672448229], "mean_absolute_error": [0.08803878880389146, 0.08778892594864988, 0.08766998104640461, 0.087362899193515, 0.0874296577119018, 0.08729974538419248, 0.08718681277082976, 0.0870940761307493, 0.08694663569293014, 0.08723369895380621, 0.0869704027195177, 0.08689888977541799]}