{"val_loss": [0.012435436795493884, 0.013051904452218778, 0.012996649140010013, 0.013029587831961722, 0.012906260784625149, 0.012533563747151729], "val_mean_absolute_error": [0.08930129629187962, 0.09180472033752653, 0.09168807992409253, 0.09174063778566866, 0.09118333476779054, 0.0897423258262985], "loss": [0.011963166452386126, 0.012023064927628259, 0.011970971951915111, 0.011934518669888282, 0.011944747474258503, 0.011930990449449747], "mean_absolute_error": [0.08659614731192947, 0.08675520751979324, 0.08665340900534517, 0.08644936264130303, 0.0865064983011356, 0.08646995742270519]}