{"val_loss": [0.01281172514559635, 0.012816350042482464, 0.012862993128568085, 0.012593404427637341, 0.012683493111914444, 0.012563975090619923, 0.012812846842366143, 0.013162499262288388, 0.012547128904799688, 0.012847114732330045, 0.013386824798267577, 0.012787589960538935, 0.013162006334169791, 0.012612517891720113], "val_mean_absolute_error": [0.0902027640368318, 0.09042823314056259, 0.0904738632572921, 0.08950820586503591, 0.08988586870684608, 0.0893285607919751, 0.09033914906706783, 0.09194173881101424, 0.08926655053063297, 0.09048471934626814, 0.09279039524208672, 0.09033385926909264, 0.09177680445191147, 0.08966337709687541], "loss": [0.011887107616647062, 0.011900493475431448, 0.011878143560147594, 0.011864383760748401, 0.01181372782130036, 0.011804502891761298, 0.011777461459359422, 0.011801237815047935, 0.011798718268112655, 0.011737065996498586, 0.011735221957088137, 0.011739368865367144, 0.011722013534352154, 0.01173207167510402], "mean_absolute_error": [0.08623816626406298, 0.08641318167578949, 0.08628514923372792, 0.08625450091216705, 0.0859499389317566, 0.08590111068030006, 0.08580665163626588, 0.08593227888188824, 0.08585880867522587, 0.08567962178442488, 0.08569258133576167, 0.08559375490375423, 0.08569702340614405, 0.08560326073624777]}