{"val_loss": [0.02967619685906475, 0.020949523282582528, 0.016474591778446183, 0.014916640274464743, 0.01438199225359671, 0.014559326434518105, 0.014340269230301787, 0.014078273495201719, 0.013858958292721327, 0.013875179515557773, 0.01378751077447284, 0.01333863860965403, 0.013319235518962788, 0.013033563046496336, 0.013060253740149276, 0.013266496549814969, 0.012975703643159307, 0.012987481727060265, 0.012994910147608585, 0.012943909976293692, 0.012570529443836968, 0.012606509822909302, 0.013029727811297818, 0.013342084713459412, 0.013090862164166701, 0.013382811939808517, 0.013216652603785193], "val_mean_absolute_error": [0.140778742747623, 0.11708110741747264, 0.10323895482311424, 0.0980680747972647, 0.09623160166619582, 0.09705039438869896, 0.09624982456150527, 0.09542365953593952, 0.0945951811598212, 0.0949644141342632, 0.09457277440791761, 0.0929197192378702, 0.09283935149804881, 0.09164757694644186, 0.09183898773483656, 0.09289956566458903, 0.09154655101925506, 0.09179593178100176, 0.09169502701742664, 0.09144035150212668, 0.09000168424011386, 0.08996799755598403, 0.09192869190329198, 0.09320042987111063, 0.09225254160094626, 0.09348431550515307, 0.09269957644286621], "loss": [0.047634757264845055, 0.025357065625758245, 0.020070501128203987, 0.017532278957717747, 0.016225817351556558, 0.015397530429769034, 0.014956032961081958, 0.01453511073544794, 0.014312090335498191, 0.014114163049157562, 0.013845186114435932, 0.013674196626598141, 0.013480143085859929, 0.013321431234315863, 0.013206007505795283, 0.013086356947149018, 0.013041523118306836, 0.012943507260579171, 0.012942319252726332, 0.01279242045241595, 0.012690769595475689, 0.012629405933747445, 0.012600105397780871, 0.012542182420364388, 0.012466159073589495, 0.012414259113629521, 0.012391114079380474], "mean_absolute_error": [0.17139128312236543, 0.12823594247992726, 0.11311837996627748, 0.10508608724126126, 0.10122517826621906, 0.09857319864207544, 0.09704624325033515, 0.09554731826232857, 0.09490297286202502, 0.09427072724647298, 0.09321117422402944, 0.09265117330146759, 0.09196350096794588, 0.09146966841444679, 0.09110746804520577, 0.09064085696977935, 0.0904907207073951, 0.09009955802752069, 0.09009598534810212, 0.08954453019002945, 0.08911154905830573, 0.0888444243654579, 0.08883796505046564, 0.08854248575900235, 0.08837279243769529, 0.08811808086650008, 0.08803630791265261]}