{"val_loss": [0.012047936094079498, 0.01220043045039651, 0.011964040448191217, 0.012129697398273104, 0.011929431469265268, 0.01225891690293527, 0.013156878126929714, 0.012351636861505587, 0.011533947946813582, 0.013294567355222631, 0.01220642461364165, 0.011951527942984121, 0.012015317181430746, 0.012635951608386278], "val_mean_absolute_error": [0.08774060475928128, 0.08841794966364108, 0.08761807193954112, 0.08824572275770669, 0.08683562031412353, 0.08840591155396375, 0.0920580343305053, 0.08873976539438005, 0.08520117847995234, 0.0922099643295436, 0.08800220882656785, 0.08722463121347065, 0.08778775736722709, 0.09013780936935419], "loss": [0.01184008215729231, 0.01181515403719012, 0.011773172050632188, 0.011701094883300102, 0.011680768746742322, 0.011653776630013582, 0.011674624384109092, 0.011624039587322142, 0.01157008234270577, 0.011524626364751182, 0.011514655652752573, 0.011509505640482342, 0.011530173850915598, 0.01144006438333942], "mean_absolute_error": [0.08621626405462506, 0.0860689296619677, 0.08606161424380927, 0.08565933200217905, 0.0855718070719514, 0.08552125697785563, 0.08550691875078673, 0.0853547518038481, 0.08519475819766892, 0.0849691335791833, 0.08492329239308925, 0.08489504116798896, 0.08502200458293356, 0.08468732226794513]}