{"val_loss": [0.012145571566439653, 0.01189922998777813, 0.012000590163277272, 0.012180453917484966, 0.012064209800611701, 0.011893098712548305, 0.012696163959510778, 0.012090766193358488], "val_mean_absolute_error": [0.08780778361126618, 0.08710261808982377, 0.08695555010263889, 0.08750392801307005, 0.08729062251721363, 0.08714170224225927, 0.09010270107975751, 0.08756351199715783], "loss": [0.011395228029467148, 0.011380954087857064, 0.011320867202917112, 0.011337111328551825, 0.011334273703145588, 0.011353261383602336, 0.011315901608541755, 0.011362456831252844], "mean_absolute_error": [0.08441011614231404, 0.08445784537410132, 0.0842239648096083, 0.08427016707267362, 0.08429897827227033, 0.08430995118682112, 0.08409982662789954, 0.08440342230687015]}