{"val_loss": [0.011680269776295684, 0.012015112984459357, 0.012064508879218212, 0.011836781653903845, 0.012887349680596362, 0.012068594886022946], "val_mean_absolute_error": [0.08584368014892398, 0.08801303871597797, 0.08792670412562735, 0.0867883985168577, 0.09102010811525026, 0.08832105117824168], "loss": [0.011458278149657991, 0.011379099680453253, 0.011379255856565079, 0.011337756990407465, 0.01134014846917169, 0.011376929192265066], "mean_absolute_error": [0.08474301598473923, 0.08438079728700569, 0.08435691972724765, 0.08427994755954608, 0.08427177580755224, 0.08436980843424091]}