{"val_loss": [0.014253208226496332, 0.012946216622381128, 0.012364153946021847, 0.012623442765269713, 0.012219073488639475, 0.012235613714393646, 0.01223270349567978, 0.012050029213202926, 0.012098424338306197, 0.011676572749586653, 0.01208325847323853, 0.01200049884828589, 0.012559899331404107, 0.012433999858095884, 0.012058701617943559], "val_mean_absolute_error": [0.0954794108404573, 0.09085154212593105, 0.088924984946649, 0.09031151987966746, 0.08885885117544022, 0.08823856993242571, 0.0883610943797676, 0.08859023468025727, 0.08863596512131075, 0.0864862186614344, 0.08834330626706337, 0.08762961249054438, 0.08982873972248723, 0.08913529194011093, 0.08779761520336306], "loss": [0.026824786318730975, 0.015477777641437958, 0.01414791098128109, 0.013414137633601327, 0.01310117207879636, 0.012746643072362005, 0.012574831067963721, 0.012409927970578782, 0.012335101388029412, 0.01214614154926427, 0.012074354052588119, 0.01205015659755693, 0.011942788153140255, 0.011909563739533434, 0.011854344125007259], "mean_absolute_error": [0.1287177968973035, 0.09921807083671355, 0.0947913544390529, 0.0922505996949525, 0.09095135607007626, 0.08973660753490662, 0.08906901190407338, 0.08841664471926154, 0.08823875925216633, 0.08741203467648886, 0.08724935755637718, 0.0869978489856816, 0.08670275974863938, 0.08653345359152463, 0.08635834676452198]}