{"val_loss": [0.011713681447661014, 0.012374147991583852, 0.01199938856866758, 0.012001933024466442, 0.01207460126536841, 0.01244098262476109], "val_mean_absolute_error": [0.08641441086601293, 0.08922553325472456, 0.0876831365996706, 0.08804478180167073, 0.08775254278977386, 0.08970922153182768], "loss": [0.011488579419002125, 0.011485576490754486, 0.011459007820979658, 0.011426906206168338, 0.011436898101098566, 0.011391764358206586], "mean_absolute_error": [0.08483015287931055, 0.08488359757297013, 0.08481671932267937, 0.08466369394207238, 0.08466298475886623, 0.08455330110490605]}