{"val_loss": [0.024424967436093643, 0.0177636049626163, 0.015244051406274784, 0.014280509748828867, 0.013631513320677436, 0.014013544918558635, 0.013931880469543573, 0.01340443719935618, 0.013073711078556222, 0.013250552464311217, 0.012971692067342774, 0.013220815215846915, 0.012994566700184887, 0.013225435171662879, 0.012990244831853895, 0.0131280686332511, 0.012791392885479041, 0.012919959004680837, 0.012702993452368024, 0.012680349545850378, 0.01279722558026082, 0.013070811830938923, 0.012720422430528943, 0.012665973624044802, 0.012204308689868914, 0.012413186317109923, 0.012540656006001946, 0.012470901362668145, 0.012370044880758598, 0.012562620928981399], "val_mean_absolute_error": [0.12740284969642443, 0.10777264029701548, 0.09899104043537008, 0.09538439246941151, 0.09315973550147531, 0.09437328922122067, 0.09434734808123327, 0.09219031009694234, 0.09090273629222333, 0.09149640443023374, 0.09065766724430113, 0.09186564038891953, 0.09063491156697448, 0.09226497709829616, 0.09099264058814847, 0.09182514026896227, 0.0900319687463572, 0.09128853150486925, 0.09018857293160153, 0.089830168202461, 0.09002023664887251, 0.09197119865162066, 0.09048644341225369, 0.08997642404883324, 0.08793409808387931, 0.08878232425984292, 0.08935183355648076, 0.08969755112591137, 0.08850297680683968, 0.08981975528505914], "loss": [0.05203460361431343, 0.023606221535530134, 0.01914666598045922, 0.017347904188416956, 0.01627275265293658, 0.015756585384835393, 0.015205150690458668, 0.014824575958785486, 0.01459572473635746, 0.01434529473509953, 0.014196075154131559, 0.014015558718968705, 0.013887713569744393, 0.013654133448309444, 0.013593234320208352, 0.013493749828156452, 0.013424238382249872, 0.013245940475850987, 0.013237365583302572, 0.013111425912761862, 0.013074959960564349, 0.013007632228440645, 0.012930603293774176, 0.012927381769516012, 0.012873039172290116, 0.012834026256928737, 0.01280923220263032, 0.012762275541443904, 0.012783152965150044, 0.012694010496323545], "mean_absolute_error": [0.17651175481610565, 0.12355779097169677, 0.11066115988817676, 0.10481447849719652, 0.10158576005940051, 0.09977633219391516, 0.09813511502169954, 0.09686718874763692, 0.09592575587818024, 0.09515493602889714, 0.09454391005498163, 0.09395806065428164, 0.09351071432175297, 0.09270277680672402, 0.09257699566989541, 0.09205191100940037, 0.09194658343788892, 0.09131219519827051, 0.09134016554298131, 0.09088160206527686, 0.09073321169030119, 0.09041215686416872, 0.09008876475436088, 0.0900896264393422, 0.09006555683158202, 0.08981804399077736, 0.0897012099224246, 0.0895898430958699, 0.08965317875645723, 0.08934282712061903]}