{"val_loss": [0.012005274359345694, 0.012456190410639948, 0.012314736944929953, 0.012508309749121321, 0.012224373334185218, 0.012164142854157654], "val_mean_absolute_error": [0.0869881722766064, 0.08883429509487836, 0.08802414030869253, 0.08909606539828428, 0.0874240884905563, 0.08709293721023745], "loss": [0.012377890438191352, 0.012351777330498791, 0.012350476658867973, 0.012293244330981706, 0.012328879126653591, 0.01231733376025495], "mean_absolute_error": [0.0881051858233127, 0.0880793695939216, 0.08797767375674835, 0.08787896999948523, 0.087978277897615, 0.08790325218501895]}