{"val_loss": [0.012403366000901847, 0.012686136046654096, 0.012442495694934944, 0.012647323237661628, 0.012457271312036071, 0.012568442346415886], "val_mean_absolute_error": [0.08857983159496342, 0.09004288707392899, 0.08859956948592235, 0.0897516442490492, 0.08877201126911288, 0.08887400127006305], "loss": [0.012349028060180981, 0.012337181952600943, 0.012317354567741409, 0.01225442111026666, 0.012267663151315205, 0.0123072121838923], "mean_absolute_error": [0.08805006570932554, 0.08812041622723839, 0.08805072124279167, 0.0877078198625241, 0.087788606687047, 0.08792597429615777]}