{"val_loss": [0.011942865352401315, 0.011976141597167308, 0.012107990959788512, 0.012286950268739178, 0.012063177142117399, 0.012056144261493953], "val_mean_absolute_error": [0.08689874357865592, 0.0872274615933671, 0.0878608977441959, 0.08897316107600771, 0.08734784686850061, 0.08761326727788425], "loss": [0.012821935428439594, 0.01275332646122984, 0.012738605359172244, 0.012722446659780322, 0.012644177502187031, 0.012726772829497255], "mean_absolute_error": [0.0897567417584068, 0.08964194219699242, 0.08958788625778787, 0.08946069241283022, 0.08914392844264392, 0.08941095746392452]}