{"val_loss": [0.012550468591031943, 0.012812728808703731, 0.012386817349369313, 0.012296801021977357, 0.012465688703361696, 0.012625826102124715, 0.012984353164739643, 0.012544261012978553, 0.012603112203400985], "val_mean_absolute_error": [0.08912533247106655, 0.09057666688466762, 0.08881093423329987, 0.08831961426361096, 0.08895845985166309, 0.08963569240601185, 0.09113504233787842, 0.08895230553429397, 0.08875220710261007], "loss": [0.012507116868906664, 0.012463100692732178, 0.012501323085279091, 0.01240036569694348, 0.012414496790404309, 0.012413688433601251, 0.01233720718856065, 0.012358615223905108, 0.012367730517447544], "mean_absolute_error": [0.08871500142410858, 0.08847172100622118, 0.08862369513045512, 0.08835642954590936, 0.08833738976701297, 0.08832601407840297, 0.0879295202661506, 0.08806123249671552, 0.08803559474178829]}