{"val_loss": [0.012641602819152093, 0.014146297538233741, 0.012953879840298745, 0.013435404333791276, 0.014027767851107136, 0.013608448615424788], "val_mean_absolute_error": [0.08910753337502214, 0.09500540705118862, 0.09048679924696373, 0.09241996188535213, 0.09459736568579193, 0.09339691040182538], "loss": [0.011784631567499232, 0.011754347500144318, 0.011758670805715587, 0.011733196014823888, 0.011697973695849568, 0.011745968945427985], "mean_absolute_error": [0.08612252940019821, 0.08589722700098175, 0.08600845215951823, 0.08590447044671694, 0.08580321414877601, 0.08591478763375619]}