{"val_loss": [0.01970131886287867, 0.014458511809799861, 0.013348388815200677, 0.013399428190579411, 0.013468851583070764, 0.012790738783193341, 0.012968700067529598, 0.013325389656076651, 0.012368231180379666, 0.013147321834858517, 0.013968383017206855, 0.013927413423954935, 0.013015011061948113, 0.01386137779884059], "val_mean_absolute_error": [0.1140554821974546, 0.09667882140129133, 0.09195808333272212, 0.09273318725944353, 0.09312431819576932, 0.09025056256055343, 0.09096264585441875, 0.09245307638987445, 0.08848606727050634, 0.09194706862014808, 0.09500632725441066, 0.09474763233859299, 0.0914698805368518, 0.094515748666044], "loss": [0.03795366731257443, 0.01889034483791528, 0.01624261860245252, 0.01497951377870871, 0.014343761959980184, 0.013961126687630694, 0.013674579620388365, 0.013412943905576789, 0.013228511250920503, 0.013136481049057543, 0.013028702379885572, 0.01289676260538892, 0.012816293911628375, 0.012695939196368529], "mean_absolute_error": [0.15151775630072578, 0.10983881284910664, 0.10164195497295804, 0.09753059268601254, 0.09516477284565555, 0.09404744269256778, 0.09298205914209783, 0.09218862732578242, 0.09164251300255448, 0.09112418416103044, 0.09068183125680579, 0.09022963886798635, 0.08997131724934883, 0.08955388088060544]}