{"val_loss": [0.012766497733271381, 0.014577321380936722, 0.01331735703720029, 0.014038313168652524, 0.014285953961601445, 0.012976053240302923], "val_mean_absolute_error": [0.09005083620154047, 0.09708273013979353, 0.09220694793979331, 0.09515211237658805, 0.0960368623504186, 0.090904664075983], "loss": [0.011848035114421122, 0.01180177890551937, 0.011874295208676456, 0.011768663632036524, 0.011786337021940785, 0.011756506605157343], "mean_absolute_error": [0.0862966249578698, 0.08615367586434006, 0.08640714279669014, 0.08594053698147265, 0.08604789123411141, 0.08599225669146474]}