{"val_loss": [0.01359610191234486, 0.0139884409082291, 0.014423721223235842, 0.01297156751449324, 0.013705377391428644, 0.013597445534028738, 0.013361636150127292, 0.012533827099077431, 0.013234060540896493, 0.013329551504305901, 0.013698766509928512, 0.01377477689395339, 0.012966330358646283], "val_mean_absolute_error": [0.09380495085846578, 0.09524960600491165, 0.09673053958415846, 0.09100007623639889, 0.0940708010834106, 0.09335796408731123, 0.09280188979078871, 0.08940025961459779, 0.09197745403207522, 0.09252591048015528, 0.0939146850581235, 0.09438954432221636, 0.0912117139377109], "loss": [0.012746771141271871, 0.012629649796944153, 0.01253661403943629, 0.012483145993215735, 0.01249909030854194, 0.012426583119387014, 0.012358761054167097, 0.012329367006399111, 0.012326186718358554, 0.012253123099851432, 0.01222694993836166, 0.012227427776666081, 0.01217011022632558], "mean_absolute_error": [0.0896861876878413, 0.0892893178902615, 0.08890762992780467, 0.08869391389393372, 0.08869949824793545, 0.08856184795456333, 0.08820104183349398, 0.0881906712931245, 0.08812054834567129, 0.08782750989390636, 0.08775742342808014, 0.08782072554848888, 0.08749092143772724]}