{"val_loss": [0.013005412573433727, 0.014069862278810845, 0.013347937074441598, 0.015520757096164938, 0.012990633814713267, 0.014700501319642376, 0.01522304910421197, 0.012848175171120383, 0.013624756687356635, 0.013961612669040047, 0.014461281753197377, 0.014773947869534447, 0.014585967985214365], "val_mean_absolute_error": [0.09119663766737804, 0.09504156871839972, 0.09252526906827957, 0.10001978973942982, 0.09115836483808057, 0.09756899273857417, 0.09887984343222819, 0.09039628833452097, 0.09362412935329324, 0.09466470736736829, 0.09640346949345109, 0.09779157830539834, 0.0969424152653697], "loss": [0.01213607673100406, 0.012087296382109479, 0.012067360148131978, 0.012047531348594202, 0.012072793103967644, 0.011975595891302345, 0.011990043746001025, 0.01195842893436476, 0.01192562376129308, 0.011919144198870234, 0.011868852004000032, 0.011918000745037143, 0.01185730794326536], "mean_absolute_error": [0.08741998994720646, 0.08721710114742356, 0.08709580401463257, 0.0871086216092162, 0.08718717405601831, 0.08677895768198153, 0.08693091271585375, 0.08669671913823802, 0.08662641261510698, 0.08654900776037433, 0.0863117210647123, 0.08655902370292691, 0.0862940368581528]}