{"val_loss": [0.41355838491233365, 0.41198531724043835, 0.41449744380583653, 0.41062940805217313, 0.4134563560965342, 0.4135186051894373, 0.4154914460669436, 0.4102744414845156, 0.41338208896030193], "val_acc": [0.8357815886629383, 0.8350793003735956, 0.8353133960340052, 0.8361327322564578, 0.8353133960340052, 0.8356060160394506, 0.8334991512865364, 0.835430443967115, 0.8344940596964386], "val_f1_m": [0.8357484306935828, 0.8350792407689508, 0.8353028007476515, 0.836132672651813, 0.8353133364293605, 0.8356087042134648, 0.8334655352052367, 0.8354303843624702, 0.8344940000917939], "val_precision_m": [0.8357740150812658, 0.8350793003735956, 0.8353510353328988, 0.8361327322564578, 0.8353133960340052, 0.8357290320450282, 0.833490659694964, 0.835430443967115, 0.8344940596964386], "val_recall_m": [0.8357230646388264, 0.8350793003735956, 0.8352548720098933, 0.8361327322564578, 0.8353133960340052, 0.8354889679912268, 0.8334406272624244, 0.835430443967115, 0.8344940596964386], "val_f1_m_1": [0.8357484306935828, 0.8350792407689508, 0.8353028007476515, 0.836132672651813, 0.8353133364293605, 0.8356087042134648, 0.8334655352052367, 0.8354303843624702, 0.8344940000917939], "val_precision_m_1": [0.8357740150812658, 0.8350793003735956, 0.8353510353328988, 0.8361327322564578, 0.8353133960340052, 0.8357290320450282, 0.833490659694964, 0.835430443967115, 0.8344940596964386], "val_recall_m_1": [0.8357230646388264, 0.8350793003735956, 0.8352548720098933, 0.8361327322564578, 0.8353133960340052, 0.8354889679912268, 0.8334406272624244, 0.835430443967115, 0.8344940596964386], "loss": [0.43450591667577837, 0.4330560572983495, 0.4318094043985374, 0.43080113565672007, 0.43083037749799735, 0.4305107340480019, 0.42885877313943765, 0.4302501456527929, 0.42843264462754443], "acc": [0.825280931736063, 0.8257345195454567, 0.826188107117632, 0.8265246400282783, 0.8265392718975988, 0.8265100081868659, 0.8273586561330152, 0.8277244528660266, 0.828017089987309], "f1_m": [0.8252477997376072, 0.8257538977878289, 0.8262085498921223, 0.826470090712762, 0.8265137862617763, 0.82650665543083, 0.8273247516324087, 0.8276798397138667, 0.8279977028213339], "precision_m": [0.8253027937960097, 0.8258028967548251, 0.826258569840705, 0.8265182711851202, 0.8265617651262901, 0.8265621667930816, 0.8273495902546839, 0.8277526842156604, 0.8280224264554141], "recall_m": [0.8251931405620023, 0.8257052558207699, 0.8261588433929451, 0.8264222169918742, 0.8264661125858815, 0.8264514807374922, 0.8273001286836414, 0.8276073979672791, 0.8279731944002787], "f1_m_1": [0.8252477997376072, 0.8257538977878289, 0.8262085498921223, 0.826470090712762, 0.8265137862617763, 0.82650665543083, 0.8273247516324087, 0.8276798397138667, 0.8279977028213339], "precision_m_1": [0.8253027937960097, 0.8258028967548251, 0.826258569840705, 0.8265182711851202, 0.8265617651262901, 0.8265621667930816, 0.8273495902546839, 0.8277526842156604, 0.8280224264554141], "recall_m_1": [0.8251931405620023, 0.8257052558207699, 0.8261588433929451, 0.8264222169918742, 0.8264661125858815, 0.8264514807374922, 0.8273001286836414, 0.8276073979672791, 0.8279731944002787]}