{"val_loss": [0.5781599607142263, 0.46660221955373943, 0.4534183830265249, 0.4417139194021037, 0.43682549533252657, 0.4340431974373281, 0.4338803839507722, 0.43238555122623185, 0.43125001766023496, 0.4284591648276138, 0.42669236380067294, 0.4259471351210715, 0.42465625508774674, 0.4346035668965338, 0.42213437406804805, 0.42689402524322795, 0.4239329909238108], "val_acc": [0.7872066486256449, 0.8138350791361024, 0.8143617955589194, 0.8210335345379038, 0.8200971496916574, 0.8248375961051772, 0.8252472641588464, 0.8253643118861463, 0.8254228359102582, 0.8253057877469204, 0.827237080542613, 0.8294024695498673, 0.8274711768692886, 0.8240182594466866, 0.8284075610248509, 0.8251302156745847, 0.8262421723629387], "val_f1_m": [0.786753739559707, 0.8136866609160126, 0.8141146769865195, 0.8209984289230315, 0.8201448489269407, 0.8247827907837022, 0.8252472045542016, 0.8253642522815016, 0.8254227763056134, 0.8253057281422757, 0.8272031197610981, 0.8294024099452225, 0.8274592063540969, 0.8240181998420418, 0.8283984543790642, 0.8251531768648859, 0.826242112758294], "val_precision_m": [0.7884219294197976, 0.8140669230720762, 0.8142781736085125, 0.8210220594141575, 0.820192854009713, 0.8249041536089172, 0.8252472641588464, 0.8253643118861463, 0.8254228359102582, 0.8253057877469204, 0.8272279004436159, 0.8294024695498673, 0.8275060621384831, 0.8240182594466866, 0.8284481838559187, 0.8251763465650506, 0.8262421723629387], "val_recall_m": [0.7850997837576166, 0.8133083629190954, 0.8139521273901361, 0.820975010513792, 0.8200971496916574, 0.8246620240328415, 0.8252472641588464, 0.8253643118861463, 0.8254228359102582, 0.8253057877469204, 0.8271785565185011, 0.8294024695498673, 0.8274126528451767, 0.8240182594466866, 0.828349037000739, 0.8251302156745847, 0.8262421723629387], "loss": [0.69493588928343, 0.5379642522838793, 0.489911235890734, 0.47291390544969386, 0.4623203839516732, 0.4566381848397055, 0.4514245155452635, 0.4463010452488023, 0.44493381811446947, 0.44285641385090374, 0.4412263026843651, 0.4372402016401821, 0.4389911702592382, 0.43587626828517173, 0.4345511640875007, 0.4329859047943237, 0.4328217464511712], "acc": [0.7549309377143942, 0.7957099380655589, 0.8069325764271605, 0.812214678726165, 0.8166042373664036, 0.8180527917663122, 0.8204816808595069, 0.8231446798339209, 0.8229252018708613, 0.8229837294039591, 0.8249736626128967, 0.8252224043145973, 0.824783448388478, 0.8254565140562762, 0.8272123376491212, 0.8266855904652171, 0.8269635959753286], "f1_m": [0.7359647872272007, 0.7954064423566566, 0.8068552369411665, 0.8121810336589088, 0.8165594163549933, 0.8179355055655415, 0.8204861173553851, 0.8231495166430495, 0.8229468462548964, 0.822996096701445, 0.8249538751336711, 0.8252209999808854, 0.8248026027035326, 0.8254373557364146, 0.8271921879581275, 0.8267433429635075, 0.8269265418893822], "precision_m": [0.762109588679477, 0.7972725395169482, 0.8072626944254143, 0.8123530227881495, 0.8166908595275365, 0.8180675966586439, 0.820564136235256, 0.8232279385153449, 0.8230568319227689, 0.8230380110323157, 0.8250075744812319, 0.8252931541558187, 0.824851329057596, 0.8254916882621004, 0.8272455252264836, 0.8268161300933013, 0.8269629076508718], "recall_m": [0.7269694487760822, 0.7935590543010733, 0.806449724969827, 0.8120098326533569, 0.8164286550182823, 0.8178040501064737, 0.8204085215477898, 0.8230715205222037, 0.8228374106968006, 0.8229544656792723, 0.8249005033011796, 0.8251492450028801, 0.8247541846637911, 0.825383354744559, 0.8271391783374039, 0.8266709586028735, 0.8268904366636114]}