{"val_loss": [0.4139769159913726, 0.4052429945838008, 0.41117166246033776, 0.40589211725825836, 0.4121526930288226, 0.40913859603870395, 0.40832260209529553, 0.4103633083880628, 0.40862581029529976], "val_acc": [0.8294410300352506, 0.8347088087780768, 0.8313725493475468, 0.835937957589934, 0.8309043019111652, 0.8325431664017233, 0.8345917472408151, 0.8321334502764672, 0.8346502779030402], "val_f1_m": [0.8294655961602412, 0.8346748440280308, 0.8313976888493344, 0.8358939123042047, 0.8309042423065204, 0.8325329119432799, 0.8345916876361703, 0.8321333906718225, 0.8346978675178314], "val_precision_m": [0.8294903797366516, 0.8346996276044413, 0.8314230466956523, 0.8359673382386779, 0.8309043019111652, 0.8325814986947617, 0.8345917472408151, 0.8321334502764672, 0.8347457638950699], "val_recall_m": [0.8294410300352506, 0.8346502779030402, 0.8313725493475468, 0.8358208958398609, 0.8309043019111652, 0.8324846355266867, 0.8345917472408151, 0.8321334502764672, 0.8346502779030402], "val_f1_m_1": [0.8294655961602412, 0.8346748440280308, 0.8313976888493344, 0.8358939123042047, 0.8309042423065204, 0.8325329119432799, 0.8345916876361703, 0.8321333906718225, 0.8346978675178314], "val_precision_m_1": [0.8294903797366516, 0.8346996276044413, 0.8314230466956523, 0.8359673382386779, 0.8309043019111652, 0.8325814986947617, 0.8345917472408151, 0.8321334502764672, 0.8347457638950699], "val_recall_m_1": [0.8294410300352506, 0.8346502779030402, 0.8313725493475468, 0.8358208958398609, 0.8309043019111652, 0.8324846355266867, 0.8345917472408151, 0.8321334502764672, 0.8346502779030402], "val_f1_m_2": [0.8294655961602412, 0.8346748440280308, 0.8313976888493344, 0.8358939123042047, 0.8309042423065204, 0.8325329119432799, 0.8345916876361703, 0.8321333906718225, 0.8346978675178314], "val_precision_m_2": [0.8294903797366516, 0.8346996276044413, 0.8314230466956523, 0.8359673382386779, 0.8309043019111652, 0.8325814986947617, 0.8345917472408151, 0.8321334502764672, 0.8347457638950699], "val_recall_m_2": [0.8294410300352506, 0.8346502779030402, 0.8313725493475468, 0.8358208958398609, 0.8309043019111652, 0.8324846355266867, 0.8345917472408151, 0.8321334502764672, 0.8346502779030402], "val_f1_m_3": [0.8294655961602412, 0.8346748440280308, 0.8313976888493344, 0.8358939123042047, 0.8309042423065204, 0.8325329119432799, 0.8345916876361703, 0.8321333906718225, 0.8346978675178314], "val_precision_m_3": [0.8294903797366516, 0.8346996276044413, 0.8314230466956523, 0.8359673382386779, 0.8309043019111652, 0.8325814986947617, 0.8345917472408151, 0.8321334502764672, 0.8347457638950699], "val_recall_m_3": [0.8294410300352506, 0.8346502779030402, 0.8313725493475468, 0.8358208958398609, 0.8309043019111652, 0.8324846355266867, 0.8345917472408151, 0.8321334502764672, 0.8346502779030402], "val_f1_m_4": [0.8294655961602412, 0.8346748440280308, 0.8313976888493344, 0.8358939123042047, 0.8309042423065204, 0.8325329119432799, 0.8345916876361703, 0.8321333906718225, 0.8346978675178314], "val_precision_m_4": [0.8294903797366516, 0.8346996276044413, 0.8314230466956523, 0.8359673382386779, 0.8309043019111652, 0.8325814986947617, 0.8345917472408151, 0.8321334502764672, 0.8347457638950699], "val_recall_m_4": [0.8294410300352506, 0.8346502779030402, 0.8313725493475468, 0.8358208958398609, 0.8309043019111652, 0.8324846355266867, 0.8345917472408151, 0.8321334502764672, 0.8346502779030402], "loss": [0.4229114400392685, 0.4216281764796413, 0.41988058336910017, 0.4191606972423585, 0.42017202272771814, 0.42049340087951714, 0.4186554046204004, 0.4198321906766729, 0.41766134235332375], "acc": [0.8302899950689174, 0.8308167265596156, 0.8310361981611676, 0.832177449997024, 0.830611886540494, 0.8318848213833286, 0.8313580898123971, 0.8308898837810634, 0.832104292806972], "f1_m": [0.8302977235899863, 0.8308204181353447, 0.8309726312647961, 0.8321275935957089, 0.8305989998725712, 0.8318811541531833, 0.8313547083524505, 0.8308979849249131, 0.8320614558541876], "precision_m": [0.8303643576095511, 0.8308683098665438, 0.8310705109014861, 0.8321952204382235, 0.8306596255684758, 0.8319363473129591, 0.8314101895150047, 0.8309356143803676, 0.832165458569133], "recall_m": [0.8302314693322247, 0.8307728322570961, 0.8308752523852627, 0.8320603985236387, 0.8305387293696281, 0.8318262956466359, 0.8312995640757044, 0.8308606209127171, 0.8319579784652401], "f1_m_1": [0.8302977235899863, 0.8308204181353447, 0.8309726312647961, 0.8321275935957089, 0.8305989998725712, 0.8318811541531833, 0.8313547083524505, 0.8308979849249131, 0.8320614558541876], "precision_m_1": [0.8303643576095511, 0.8308683098665438, 0.8310705109014861, 0.8321952204382235, 0.8306596255684758, 0.8319363473129591, 0.8314101895150047, 0.8309356143803676, 0.832165458569133], "recall_m_1": [0.8302314693322247, 0.8307728322570961, 0.8308752523852627, 0.8320603985236387, 0.8305387293696281, 0.8318262956466359, 0.8312995640757044, 0.8308606209127171, 0.8319579784652401], "f1_m_2": [0.8302977235899863, 0.8308204181353447, 0.8309726312647961, 0.8321275935957089, 0.8305989998725712, 0.8318811541531833, 0.8313547083524505, 0.8308979849249131, 0.8320614558541876], "precision_m_2": [0.8303643576095511, 0.8308683098665438, 0.8310705109014861, 0.8321952204382235, 0.8306596255684758, 0.8319363473129591, 0.8314101895150047, 0.8309356143803676, 0.832165458569133], "recall_m_2": [0.8302314693322247, 0.8307728322570961, 0.8308752523852627, 0.8320603985236387, 0.8305387293696281, 0.8318262956466359, 0.8312995640757044, 0.8308606209127171, 0.8319579784652401], "f1_m_3": [0.8302977235899863, 0.8308204181353447, 0.8309726312647961, 0.8321275935957089, 0.8305989998725712, 0.8318811541531833, 0.8313547083524505, 0.8308979849249131, 0.8320614558541876], "precision_m_3": [0.8303643576095511, 0.8308683098665438, 0.8310705109014861, 0.8321952204382235, 0.8306596255684758, 0.8319363473129591, 0.8314101895150047, 0.8309356143803676, 0.832165458569133], "recall_m_3": [0.8302314693322247, 0.8307728322570961, 0.8308752523852627, 0.8320603985236387, 0.8305387293696281, 0.8318262956466359, 0.8312995640757044, 0.8308606209127171, 0.8319579784652401], "f1_m_4": [0.8302977235899863, 0.8308204181353447, 0.8309726312647961, 0.8321275935957089, 0.8305989998725712, 0.8318811541531833, 0.8313547083524505, 0.8308979849249131, 0.8320614558541876], "precision_m_4": [0.8303643576095511, 0.8308683098665438, 0.8310705109014861, 0.8321952204382235, 0.8306596255684758, 0.8319363473129591, 0.8314101895150047, 0.8309356143803676, 0.832165458569133], "recall_m_4": [0.8302314693322247, 0.8307728322570961, 0.8308752523852627, 0.8320603985236387, 0.8305387293696281, 0.8318262956466359, 0.8312995640757044, 0.8308606209127171, 0.8319579784652401]}