{"val_loss": [0.41246107703808055, 0.41138968686232535, 0.42240549870429295, 0.4192563564816725, 0.417870796823563, 0.4103559791434778, 0.41178287031443184, 0.4139130509152257, 0.4103982084133468, 0.4145023405977508, 0.4113552191281757, 0.4191338623643103, 0.41823987476680313], "val_acc": [0.8324944401713901, 0.8327870768461436, 0.8292169026157469, 0.8304459790525958, 0.8336649888867617, 0.8335479336880024, 0.8331967693824728, 0.8344843733593966, 0.8336064616187903, 0.8305630337699409, 0.8326114944980223, 0.8283975184152155, 0.8284560458645892], "val_f1_m": [0.8324943805667453, 0.8327510529026052, 0.8292168430111021, 0.830445919447951, 0.8336910438540388, 0.8335369930646326, 0.8331279889643924, 0.8344843137547518, 0.8336214080677927, 0.8305629741652961, 0.8325774192070495, 0.8283974588105707, 0.828386465266537], "val_precision_m": [0.8324944401713901, 0.8327737649235306, 0.8292169026157469, 0.8304459790525958, 0.8337173194066432, 0.8335848866421068, 0.8331765719826462, 0.8344843733593966, 0.833695286060962, 0.8305630337699409, 0.8326020843458304, 0.8283975184152155, 0.8284342418534129], "val_recall_m": [0.8324944401713901, 0.8327285493967699, 0.8292169026157469, 0.8304459790525958, 0.8336649888867617, 0.8334894062386287, 0.8330797144837253, 0.8344843733593966, 0.8335479341694165, 0.8305630337699409, 0.8325529670486486, 0.8283975184152155, 0.8283389909658417], "val_f1_m_1": [0.8324943805667453, 0.8327510529026052, 0.8292168430111021, 0.830445919447951, 0.8336910438540388, 0.8335369930646326, 0.8331279889643924, 0.8344843137547518, 0.8336214080677927, 0.8305629741652961, 0.8325774192070495, 0.8283974588105707, 0.828386465266537], "val_precision_m_1": [0.8324944401713901, 0.8327737649235306, 0.8292169026157469, 0.8304459790525958, 0.8337173194066432, 0.8335848866421068, 0.8331765719826462, 0.8344843733593966, 0.833695286060962, 0.8305630337699409, 0.8326020843458304, 0.8283975184152155, 0.8284342418534129], "val_recall_m_1": [0.8324944401713901, 0.8327285493967699, 0.8292169026157469, 0.8304459790525958, 0.8336649888867617, 0.8334894062386287, 0.8330797144837253, 0.8344843733593966, 0.8335479341694165, 0.8305630337699409, 0.8325529670486486, 0.8283975184152155, 0.8283389909658417], "val_f1_m_2": [0.8324943805667453, 0.8327510529026052, 0.8292168430111021, 0.830445919447951, 0.8336910438540388, 0.8335369930646326, 0.8331279889643924, 0.8344843137547518, 0.8336214080677927, 0.8305629741652961, 0.8325774192070495, 0.8283974588105707, 0.828386465266537], "val_precision_m_2": [0.8324944401713901, 0.8327737649235306, 0.8292169026157469, 0.8304459790525958, 0.8337173194066432, 0.8335848866421068, 0.8331765719826462, 0.8344843733593966, 0.833695286060962, 0.8305630337699409, 0.8326020843458304, 0.8283975184152155, 0.8284342418534129], "val_recall_m_2": [0.8324944401713901, 0.8327285493967699, 0.8292169026157469, 0.8304459790525958, 0.8336649888867617, 0.8334894062386287, 0.8330797144837253, 0.8344843733593966, 0.8335479341694165, 0.8305630337699409, 0.8325529670486486, 0.8283975184152155, 0.8283389909658417], "val_f1_m_3": [0.8324943805667453, 0.8327510529026052, 0.8292168430111021, 0.830445919447951, 0.8336910438540388, 0.8335369930646326, 0.8331279889643924, 0.8344843137547518, 0.8336214080677927, 0.8305629741652961, 0.8325774192070495, 0.8283974588105707, 0.828386465266537], "val_precision_m_3": [0.8324944401713901, 0.8327737649235306, 0.8292169026157469, 0.8304459790525958, 0.8337173194066432, 0.8335848866421068, 0.8331765719826462, 0.8344843733593966, 0.833695286060962, 0.8305630337699409, 0.8326020843458304, 0.8283975184152155, 0.8284342418534129], "val_recall_m_3": [0.8324944401713901, 0.8327285493967699, 0.8292169026157469, 0.8304459790525958, 0.8336649888867617, 0.8334894062386287, 0.8330797144837253, 0.8344843733593966, 0.8335479341694165, 0.8305630337699409, 0.8325529670486486, 0.8283975184152155, 0.8283389909658417], "loss": [0.4251646933445542, 0.4251416157486584, 0.424356753859805, 0.4241564317618722, 0.4236867730336179, 0.4236879641885546, 0.42231595373701375, 0.4232296210159824, 0.4204064374386379, 0.4215189118323918, 0.4192343554166059, 0.4207036054533797, 0.4201976252374866], "acc": [0.8282976076452758, 0.8294388762623784, 0.8299217206792184, 0.8302728802329821, 0.8304191966335551, 0.82952666609435, 0.8304923550675682, 0.8298485624379426, 0.83049235492803, 0.8300534054271758, 0.8317945717334991, 0.8310337259178321, 0.8304484599919856], "f1_m": [0.8282845765690193, 0.8294228097202748, 0.8299210886327688, 0.8302604800868691, 0.830403989870465, 0.8294582019266313, 0.8304361416841968, 0.8298007632812382, 0.8305059810137904, 0.8300549202607557, 0.8317965163449552, 0.8310024798444041, 0.8304162128151827], "precision_m": [0.8283450604810721, 0.8294655577659746, 0.8299940186949584, 0.8303215953877975, 0.8304769777573143, 0.8295364784256002, 0.8304973862594847, 0.8298557211977918, 0.8305785386762411, 0.8301153177768156, 0.8318573447551975, 0.831088790845414, 0.8305162066042018], "recall_m": [0.8282244494039999, 0.8293803496693578, 0.8298485624379426, 0.8301997219917062, 0.8303314067440241, 0.8293803496117982, 0.8303753018815269, 0.8297461409001563, 0.8304338283350093, 0.829994878834155, 0.8317360451404785, 0.8309166727317907, 0.830316775157689], "f1_m_1": [0.8282845765690193, 0.8294228097202748, 0.8299210886327688, 0.8302604800868691, 0.830403989870465, 0.8294582019266313, 0.8304361416841968, 0.8298007632812382, 0.8305059810137904, 0.8300549202607557, 0.8317965163449552, 0.8310024798444041, 0.8304162128151827], "precision_m_1": [0.8283450604810721, 0.8294655577659746, 0.8299940186949584, 0.8303215953877975, 0.8304769777573143, 0.8295364784256002, 0.8304973862594847, 0.8298557211977918, 0.8305785386762411, 0.8301153177768156, 0.8318573447551975, 0.831088790845414, 0.8305162066042018], "recall_m_1": [0.8282244494039999, 0.8293803496693578, 0.8298485624379426, 0.8301997219917062, 0.8303314067440241, 0.8293803496117982, 0.8303753018815269, 0.8297461409001563, 0.8304338283350093, 0.829994878834155, 0.8317360451404785, 0.8309166727317907, 0.830316775157689], "f1_m_2": [0.8282845765690193, 0.8294228097202748, 0.8299210886327688, 0.8302604800868691, 0.830403989870465, 0.8294582019266313, 0.8304361416841968, 0.8298007632812382, 0.8305059810137904, 0.8300549202607557, 0.8317965163449552, 0.8310024798444041, 0.8304162128151827], "precision_m_2": [0.8283450604810721, 0.8294655577659746, 0.8299940186949584, 0.8303215953877975, 0.8304769777573143, 0.8295364784256002, 0.8304973862594847, 0.8298557211977918, 0.8305785386762411, 0.8301153177768156, 0.8318573447551975, 0.831088790845414, 0.8305162066042018], "recall_m_2": [0.8282244494039999, 0.8293803496693578, 0.8298485624379426, 0.8301997219917062, 0.8303314067440241, 0.8293803496117982, 0.8303753018815269, 0.8297461409001563, 0.8304338283350093, 0.829994878834155, 0.8317360451404785, 0.8309166727317907, 0.830316775157689], "f1_m_3": [0.8282845765690193, 0.8294228097202748, 0.8299210886327688, 0.8302604800868691, 0.830403989870465, 0.8294582019266313, 0.8304361416841968, 0.8298007632812382, 0.8305059810137904, 0.8300549202607557, 0.8317965163449552, 0.8310024798444041, 0.8304162128151827], "precision_m_3": [0.8283450604810721, 0.8294655577659746, 0.8299940186949584, 0.8303215953877975, 0.8304769777573143, 0.8295364784256002, 0.8304973862594847, 0.8298557211977918, 0.8305785386762411, 0.8301153177768156, 0.8318573447551975, 0.831088790845414, 0.8305162066042018], "recall_m_3": [0.8282244494039999, 0.8293803496693578, 0.8298485624379426, 0.8301997219917062, 0.8303314067440241, 0.8293803496117982, 0.8303753018815269, 0.8297461409001563, 0.8304338283350093, 0.829994878834155, 0.8317360451404785, 0.8309166727317907, 0.830316775157689]}