{"val_loss": 0.40862581029529976, "val_acc": 0.8346502779030402, "val_f1_m": 0.8346978675178314, "val_precision_m": 0.8347457638950699, "val_recall_m": 0.8346502779030402, "loss": 0.41766134235332375, "acc": 0.832104292806972, "f1_m": 0.8320614558541874, "precision_m": 0.832165458569133, "recall_m": 0.8319579784652401, "cpu (ms)": 157.04806327819824, "report": {"Low": {"precision": 0.8690127077223851, "recall": 0.5235571260306242, "f1-score": 0.653436236677692, "support": 1698}, "Medium": {"precision": 0.8347205707491082, "recall": 0.9786700125470514, "f1-score": 0.9009818391837259, "support": 7173}, "High": {"precision": 0.6833333333333333, "recall": 0.06591639871382636, "f1-score": 0.12023460410557182, "support": 622}, "micro avg": {"precision": 0.8374591804487517, "recall": 0.8374591804487517, "f1-score": 0.8374591804487517, "support": 9493}, "macro avg": {"precision": 0.7956888706016089, "recall": 0.5227145124305006, "f1-score": 0.5582175599889966, "support": 9493}, "weighted avg": {"precision": 0.8309351696017377, "recall": 0.8374591804487517, "f1-score": 0.8055476020327876, "support": 9493}}}