{"val_loss": [0.41187872703371514, 0.4151060293893771, 0.41366380194611313, 0.4138868337009378, 0.417362467938866, 0.4140419622892576], "val_acc": [0.8322603299203891, 0.8315580006186052, 0.8314409458105589, 0.8306800887872977, 0.8322018024710153, 0.8319676926735203], "val_f1_m": [0.8322602703157443, 0.8315239253276323, 0.8314408868687306, 0.8306800291826529, 0.8321931516483686, 0.8319676330688756], "val_precision_m": [0.8322603299203891, 0.8315485904664133, 0.8314409458105589, 0.8306800887872977, 0.8322433457432622, 0.8319676926735203], "val_recall_m": [0.8322603299203891, 0.8314994731692315, 0.8314409458105589, 0.8306800887872977, 0.8321432750216415, 0.8319676926735203], "val_f1_m_1": [0.8322602703157443, 0.8315239253276323, 0.8314408868687306, 0.8306800291826529, 0.8321931516483686, 0.8319676330688756], "val_precision_m_1": [0.8322603299203891, 0.8315485904664133, 0.8314409458105589, 0.8306800887872977, 0.8322433457432622, 0.8319676926735203], "val_recall_m_1": [0.8322603299203891, 0.8314994731692315, 0.8314409458105589, 0.8306800887872977, 0.8321432750216415, 0.8319676926735203], "val_f1_m_2": [0.8322602703157443, 0.8315239253276323, 0.8314408868687306, 0.8306800291826529, 0.8321931516483686, 0.8319676330688756], "val_precision_m_2": [0.8322603299203891, 0.8315485904664133, 0.8314409458105589, 0.8306800887872977, 0.8322433457432622, 0.8319676926735203], "val_recall_m_2": [0.8322603299203891, 0.8314994731692315, 0.8314409458105589, 0.8306800887872977, 0.8321432750216415, 0.8319676926735203], "loss": [0.42717610909086057, 0.4265598232578329, 0.4255923062320931, 0.42542755374991126, 0.42421026459486066, 0.4247447082102277], "acc": [0.830053405566714, 0.8287219254891537, 0.8293071913705223, 0.8301558271045002, 0.830068037075431, 0.8285170824179418], "f1_m": [0.8300523441889106, 0.8287392708838174, 0.829295753926852, 0.8301858608816352, 0.8301213500782116, 0.8285270162094083], "precision_m": [0.8301248429103955, 0.8288009217884469, 0.8293873129064367, 0.8302161326430364, 0.8302190592350194, 0.8285517968607503], "recall_m": [0.8299802473254382, 0.8286780305443882, 0.829204769832736, 0.8301558271045002, 0.8300241421306654, 0.8285024507696866], "f1_m_1": [0.8300523441889106, 0.8287392708838174, 0.829295753926852, 0.8301858608816352, 0.8301213500782116, 0.8285270162094083], "precision_m_1": [0.8301248429103955, 0.8288009217884469, 0.8293873129064367, 0.8302161326430364, 0.8302190592350194, 0.8285517968607503], "recall_m_1": [0.8299802473254382, 0.8286780305443882, 0.829204769832736, 0.8301558271045002, 0.8300241421306654, 0.8285024507696866], "f1_m_2": [0.8300523441889106, 0.8287392708838174, 0.829295753926852, 0.8301858608816352, 0.8301213500782116, 0.8285270162094083], "precision_m_2": [0.8301248429103955, 0.8288009217884469, 0.8293873129064367, 0.8302161326430364, 0.8302190592350194, 0.8285517968607503], "recall_m_2": [0.8299802473254382, 0.8286780305443882, 0.829204769832736, 0.8301558271045002, 0.8300241421306654, 0.8285024507696866]}